Index,Material,ObjPath,QualityLevel,ShaderName,HardWare,Work Registers,Uniform Registers,Stak Spilling,16-bit arithmetic,Total Instruction: FMA,Total Instruction: CVT,Total Instruction: SFU,Total Instruction: Load/Store,Total Instruction: Varying,Total Instruction: Texture,Total Instruction: Bound,shortest Path :FMA,shortest Path :CVT,shortest Path : SFU,shortest Path : Load/Store,shortest Path : Varying,shortest Path : Texture,shortest Path : Bound,longest Path : FMA,longest Path : CVT,longest Path : SFU,longest Path :  Load/Store,longest Path : Varying,longest Path : Texture,longest Path : Bound,Has uniform computation,Has sid-effects,Modifies Coverage,Uses late ZS test,Uses late ZS update,Reads color buffer
4,,BulletCasing,HighQuality,.frag, Mali-G78 r1p1,20,12,FALSE,41,0.27,0.17,0,0,0.62,0,     V,0.12,0.12,0,0,0.62,0,     V,0.27,0.17,0,0,0.62,0,     V,TRUE,FALSE,FALSE,FALSE,FALSE,FALSE
5,,BulletCasing,HighQuality,TMobileBasePassPSFNoLightMapPolicy0MM_DefaultfalseNoCSM.frag, Mali-G78 r1p1,22,14,FALSE,76,0.66,0.25,0,0,0.62,0,   FMA,0.12,0.19,0,0,0.62,0,     V,0.66,0.25,0,0,0.62,0,   FMA,TRUE,FALSE,FALSE,FALSE,FALSE,FALSE
6,,BulletCasing,HighQuality,TMobileBasePassVSFNoLightMapPolicyNoCSM.frag, Mali-G78 r1p1,22,14,FALSE,76,0.66,0.25,0,0,0.62,0,   FMA,0.12,0.19,0,0,0.62,0,     V,0.66,0.25,0,0,0.62,0,   FMA,TRUE,FALSE,FALSE,FALSE,FALSE,FALSE
7,,BulletCasing,LowQuality,.frag, Mali-G78 r1p1,20,12,FALSE,41,0.27,0.17,0,0,0.62,0,     V,0.12,0.12,0,0,0.62,0,     V,0.27,0.17,0,0,0.62,0,     V,TRUE,FALSE,FALSE,FALSE,FALSE,FALSE
8,,BulletCasing,LowQuality,TMobileBasePassPSFNoLightMapPolicy0MM_DefaultfalseNoCSM.frag, Mali-G78 r1p1,20,12,FALSE,41,0.27,0.17,0,0,0.62,0,     V,0.12,0.12,0,0,0.62,0,     V,0.27,0.17,0,0,0.62,0,     V,TRUE,FALSE,FALSE,FALSE,FALSE,FALSE
9,,BulletCasing,MidQuality,.frag, Mali-G78 r1p1,20,12,FALSE,41,0.27,0.17,0,0,0.62,0,     V,0.12,0.12,0,0,0.62,0,     V,0.27,0.17,0,0,0.62,0,     V,TRUE,FALSE,FALSE,FALSE,FALSE,FALSE
10,,BulletCasing,MidQuality,TMobileBasePassPSFNoLightMapPolicy0MM_DefaultfalseNoCSM.frag, Mali-G78 r1p1,22,14,FALSE,76,0.66,0.25,0,0,0.62,0,   FMA,0.12,0.19,0,0,0.62,0,     V,0.66,0.25,0,0,0.62,0,   FMA,TRUE,FALSE,FALSE,FALSE,FALSE,FALSE
11,,BulletCasing,MidQuality,TMobileBasePassVSFNoLightMapPolicyNoCSM.frag, Mali-G78 r1p1,22,14,FALSE,76,0.66,0.25,0,0,0.62,0,   FMA,0.12,0.19,0,0,0.62,0,     V,0.66,0.25,0,0,0.62,0,   FMA,TRUE,FALSE,FALSE,FALSE,FALSE,FALSE
12,,BulletCasing,UltraQuality,.frag, Mali-G78 r1p1,20,12,FALSE,41,0.27,0.17,0,0,0.62,0,     V,0.12,0.12,0,0,0.62,0,     V,0.27,0.17,0,0,0.62,0,     V,TRUE,FALSE,FALSE,FALSE,FALSE,FALSE
13,,BulletCasing,UltraQuality,TMobileBasePassPSFNoLightMapPolicy0MM_DefaultfalseNoCSM.frag, Mali-G78 r1p1,22,14,FALSE,76,0.66,0.25,0,0,0.62,0,   FMA,0.12,0.19,0,0,0.62,0,     V,0.66,0.25,0,0,0.62,0,   FMA,TRUE,FALSE,FALSE,FALSE,FALSE,FALSE
14,,BulletCasing,UltraQuality,TMobileBasePassVSFNoLightMapPolicyNoCSM.frag, Mali-G78 r1p1,22,14,FALSE,76,0.66,0.25,0,0,0.62,0,   FMA,0.12,0.19,0,0,0.62,0,     V,0.66,0.25,0,0,0.62,0,   FMA,TRUE,FALSE,FALSE,FALSE,FALSE,FALSE
15,,HaloMaterial,HighQuality,TMobileBasePassPSFNoLightMapPolicy0MM_DefaultfalseNoCSM.frag, Mali-G78 r1p1,22,18,FALSE,81,0.83,0.22,0,0,0.88,0.25,     V,0.3,0.16,0,0,0.88,0.25,     V,0.83,0.22,0,0,0.88,0.25,     V,TRUE,FALSE,FALSE,FALSE,FALSE,FALSE
16,,HaloMaterial,LowQuality,TMobileBasePassPSFNoLightMapPolicy0MM_DefaultfalseNoCSM.frag, Mali-G78 r1p1,21,16,FALSE,64,0.44,0.14,0,0,0.88,0.25,     V,0.3,0.09,0,0,0.88,0.25,     V,0.44,0.14,0,0,0.88,0.25,     V,TRUE,FALSE,FALSE,FALSE,FALSE,FALSE
17,,HaloMaterial,MidQuality,TMobileBasePassPSFNoLightMapPolicy0MM_DefaultfalseNoCSM.frag, Mali-G78 r1p1,22,18,FALSE,81,0.83,0.22,0,0,0.88,0.25,     V,0.3,0.16,0,0,0.88,0.25,     V,0.83,0.22,0,0,0.88,0.25,     V,TRUE,FALSE,FALSE,FALSE,FALSE,FALSE
18,,HaloMaterial,UltraQuality,TMobileBasePassPSFNoLightMapPolicy0MM_DefaultfalseNoCSM.frag, Mali-G78 r1p1,22,18,FALSE,81,0.83,0.22,0,0,0.88,0.25,     V,0.3,0.16,0,0,0.88,0.25,     V,0.83,0.22,0,0,0.88,0.25,     V,TRUE,FALSE,FALSE,FALSE,FALSE,FALSE
19,,LensFlareMat,HighQuality,TMobileBasePassPSFNoLightMapPolicy0MM_DefaultfalseNoCSM.frag, Mali-G78 r1p1,23,26,FALSE,54,1,0.23,0.12,0,0.88,0.25,   FMA,0.47,0.17,0.12,0,0.88,0.25,     V,1,0.23,0.12,0,0.88,0.25,   FMA,TRUE,FALSE,FALSE,FALSE,FALSE,FALSE
20,,LensFlareMat,LowQuality,TMobileBasePassPSFNoLightMapPolicy0MM_DefaultfalseNoCSM.frag, Mali-G78 r1p1,22,24,FALSE,26,0.61,0.16,0.12,0,0.88,0.25,     V,0.47,0.11,0.12,0,0.88,0.25,     V,0.61,0.16,0.12,0,0.88,0.25,     V,TRUE,FALSE,FALSE,FALSE,FALSE,FALSE
21,,LensFlareMat,MidQuality,TMobileBasePassPSFNoLightMapPolicy0MM_DefaultfalseNoCSM.frag, Mali-G78 r1p1,23,26,FALSE,54,1,0.23,0.12,0,0.88,0.25,   FMA,0.47,0.17,0.12,0,0.88,0.25,     V,1,0.23,0.12,0,0.88,0.25,   FMA,TRUE,FALSE,FALSE,FALSE,FALSE,FALSE
22,,LensFlareMat,UltraQuality,TMobileBasePassPSFNoLightMapPolicy0MM_DefaultfalseNoCSM.frag, Mali-G78 r1p1,23,26,FALSE,54,1,0.23,0.12,0,0.88,0.25,   FMA,0.47,0.17,0.12,0,0.88,0.25,     V,1,0.23,0.12,0,0.88,0.25,   FMA,TRUE,FALSE,FALSE,FALSE,FALSE,FALSE
23,,Mat_LifeLine_BroneLine,HighQuality,TMobileBasePassPSFMobileDirectionalLightAndSHIndirectPolicy0MM_DefaultfalseCSM.frag, Mali-G78 r1p1,64,96,FALSE,0,4.68,0.89,1.62,0,2.38,3.5,   FMA,3.52,0.56,1.19,0,2.38,3.5,   FMA,4.68,0.89,1.62,0,2.38,3.5,   FMA,TRUE,FALSE,FALSE,FALSE,FALSE,FALSE
24,,Mat_LifeLine_BroneLine,HighQuality,TMobileBasePassPSFMobileDirectionalLightAndSHIndirectPolicy0MM_DefaultfalseNoCSM.frag, Mali-G78 r1p1,64,96,FALSE,0,4.68,0.89,1.62,0,2.38,3.5,   FMA,3.52,0.56,1.19,0,2.38,3.5,   FMA,4.68,0.89,1.62,0,2.38,3.5,   FMA,TRUE,FALSE,FALSE,FALSE,FALSE,FALSE
25,,Mat_LifeLine_BroneLine,HighQuality,TMobileBasePassPSFMobileDirectionalLightAndVPIndirect3PPVPolicy0MM_DefaultfalseCSM.frag, Mali-G78 r1p1,64,96,FALSE,0,4.68,0.89,1.62,0,2.38,3.5,   FMA,3.52,0.56,1.19,0,2.38,3.5,   FMA,4.68,0.89,1.62,0,2.38,3.5,   FMA,TRUE,FALSE,FALSE,FALSE,FALSE,FALSE
26,,Mat_LifeLine_BroneLine,HighQuality,TMobileBasePassPSFMobileDirectionalLightAndVPIndirect3PPVPolicy0MM_DefaultfalseNoCSM.frag, Mali-G78 r1p1,64,96,FALSE,0,4.68,0.89,1.62,0,2.38,3.5,   FMA,3.52,0.56,1.19,0,2.38,3.5,   FMA,4.68,0.89,1.62,0,2.38,3.5,   FMA,TRUE,FALSE,FALSE,FALSE,FALSE,FALSE
27,,Mat_LifeLine_BroneLine,HighQuality,TMobileBasePassPSFMobileDistanceFieldShadowsAndLQLightMapPolicy0MM_DefaultfalseCSM.frag, Mali-G78 r1p1,64,96,FALSE,0,4.68,0.89,1.62,0,2.38,3.5,   FMA,3.52,0.56,1.19,0,2.38,3.5,   FMA,4.68,0.89,1.62,0,2.38,3.5,   FMA,TRUE,FALSE,FALSE,FALSE,FALSE,FALSE
28,,Mat_LifeLine_BroneLine,HighQuality,TMobileBasePassPSFMobileDistanceFieldShadowsAndLQLightMapPolicy0MM_DefaultfalseNoCSM.frag, Mali-G78 r1p1,64,96,FALSE,0,4.68,0.89,1.62,0,2.38,3.5,   FMA,3.52,0.56,1.19,0,2.38,3.5,   FMA,4.68,0.89,1.62,0,2.38,3.5,   FMA,TRUE,FALSE,FALSE,FALSE,FALSE,FALSE
29,,Mat_LifeLine_BroneLine,HighQuality,TShadowDepthVSVertexShadowDepth_OutputDepthfalse.frag, Mali-G78 r1p1,64,96,FALSE,0,4.68,0.89,1.62,0,2.38,3.5,   FMA,3.52,0.56,1.19,0,2.38,3.5,   FMA,4.68,0.89,1.62,0,2.38,3.5,   FMA,TRUE,FALSE,FALSE,FALSE,FALSE,FALSE
30,,Mat_LifeLine_BroneLine,LowQuality,TMobileBasePassPSFMobileDirectionalLightAndSHIndirectPolicy0MM_DefaultfalseNoCSM.frag, Mali-G78 r1p1,29,32,FALSE,0,0.86,0.38,0.25,0,1.38,0.75,     V,0.41,0.25,0.19,0,1.12,0.75,     V,0.86,0.38,0.25,0,1.38,0.75,     V,TRUE,FALSE,FALSE,FALSE,FALSE,FALSE
31,,Mat_LifeLine_BroneLine,LowQuality,TMobileBasePassPSFMobileDirectionalLightAndVPIndirect3PPVPolicy0MM_DefaultfalseNoCSM.frag, Mali-G78 r1p1,29,32,FALSE,0,0.86,0.38,0.25,0,1.38,0.75,     V,0.41,0.25,0.19,0,1.12,0.75,     V,0.86,0.38,0.25,0,1.38,0.75,     V,TRUE,FALSE,FALSE,FALSE,FALSE,FALSE
32,,Mat_LifeLine_BroneLine,LowQuality,TMobileBasePassPSFMobileDistanceFieldShadowsAndLQLightMapPolicy0MM_DefaultfalseNoCSM.frag, Mali-G78 r1p1,29,32,FALSE,0,0.86,0.38,0.25,0,1.38,0.75,     V,0.41,0.25,0.19,0,1.12,0.75,     V,0.86,0.38,0.25,0,1.38,0.75,     V,TRUE,FALSE,FALSE,FALSE,FALSE,FALSE
33,,Mat_LifeLine_BroneLine,LowQuality,TShadowDepthVSVertexShadowDepth_OutputDepthfalse.frag, Mali-G78 r1p1,29,32,FALSE,0,0.86,0.38,0.25,0,1.38,0.75,     V,0.41,0.25,0.19,0,1.12,0.75,     V,0.86,0.38,0.25,0,1.38,0.75,     V,TRUE,FALSE,FALSE,FALSE,FALSE,FALSE
34,,Mat_LifeLine_BroneLine,MidQuality,TMobileBasePassPSFMobileDirectionalLightAndSHIndirectPolicy0MM_DefaultfalseCSM.frag, Mali-G78 r1p1,64,96,FALSE,0,4.52,0.86,1.62,0,2.38,2.75,   FMA,3.36,0.53,1.19,0,2.38,2.75,   FMA,4.52,0.86,1.62,0,2.38,2.75,   FMA,TRUE,FALSE,FALSE,FALSE,FALSE,FALSE
35,,Mat_LifeLine_BroneLine,MidQuality,TMobileBasePassPSFMobileDirectionalLightAndSHIndirectPolicy0MM_DefaultfalseNoCSM.frag, Mali-G78 r1p1,64,96,FALSE,0,4.52,0.86,1.62,0,2.38,2.75,   FMA,3.36,0.53,1.19,0,2.38,2.75,   FMA,4.52,0.86,1.62,0,2.38,2.75,   FMA,TRUE,FALSE,FALSE,FALSE,FALSE,FALSE
36,,Mat_LifeLine_BroneLine,MidQuality,TMobileBasePassPSFMobileDirectionalLightAndVPIndirect3PPVPolicy0MM_DefaultfalseCSM.frag, Mali-G78 r1p1,64,96,FALSE,0,4.52,0.86,1.62,0,2.38,2.75,   FMA,3.36,0.53,1.19,0,2.38,2.75,   FMA,4.52,0.86,1.62,0,2.38,2.75,   FMA,TRUE,FALSE,FALSE,FALSE,FALSE,FALSE
37,,Mat_LifeLine_BroneLine,MidQuality,TMobileBasePassPSFMobileDirectionalLightAndVPIndirect3PPVPolicy0MM_DefaultfalseNoCSM.frag, Mali-G78 r1p1,64,96,FALSE,0,4.52,0.86,1.62,0,2.38,2.75,   FMA,3.36,0.53,1.19,0,2.38,2.75,   FMA,4.52,0.86,1.62,0,2.38,2.75,   FMA,TRUE,FALSE,FALSE,FALSE,FALSE,FALSE
38,,Mat_LifeLine_BroneLine,MidQuality,TMobileBasePassPSFMobileDistanceFieldShadowsAndLQLightMapPolicy0MM_DefaultfalseCSM.frag, Mali-G78 r1p1,64,96,FALSE,0,4.52,0.86,1.62,0,2.38,2.75,   FMA,3.36,0.53,1.19,0,2.38,2.75,   FMA,4.52,0.86,1.62,0,2.38,2.75,   FMA,TRUE,FALSE,FALSE,FALSE,FALSE,FALSE
39,,Mat_LifeLine_BroneLine,MidQuality,TMobileBasePassPSFMobileDistanceFieldShadowsAndLQLightMapPolicy0MM_DefaultfalseNoCSM.frag, Mali-G78 r1p1,64,96,FALSE,0,4.52,0.86,1.62,0,2.38,2.75,   FMA,3.36,0.53,1.19,0,2.38,2.75,   FMA,4.52,0.86,1.62,0,2.38,2.75,   FMA,TRUE,FALSE,FALSE,FALSE,FALSE,FALSE
40,,Mat_LifeLine_BroneLine,MidQuality,TShadowDepthVSVertexShadowDepth_OutputDepthfalse.frag, Mali-G78 r1p1,64,96,FALSE,0,4.52,0.86,1.62,0,2.38,2.75,   FMA,3.36,0.53,1.19,0,2.38,2.75,   FMA,4.52,0.86,1.62,0,2.38,2.75,   FMA,TRUE,FALSE,FALSE,FALSE,FALSE,FALSE
41,,Mat_LifeLine_BroneLine,UltraQuality,TMobileBasePassPSFMobileDirectionalLightAndSHIndirectPolicy0MM_DefaultfalseCSM.frag, Mali-G78 r1p1,64,104,FALSE,0,4.99,0.97,1.62,0,2.38,3.5,   FMA,3.83,0.64,1.19,0,2.38,3.5,   FMA,4.99,0.97,1.62,0,2.38,3.5,   FMA,TRUE,FALSE,FALSE,FALSE,FALSE,FALSE
42,,Mat_LifeLine_BroneLine,UltraQuality,TMobileBasePassPSFMobileDirectionalLightAndSHIndirectPolicy0MM_DefaultfalseNoCSM.frag, Mali-G78 r1p1,64,104,FALSE,0,4.99,0.97,1.62,0,2.38,3.5,   FMA,3.83,0.64,1.19,0,2.38,3.5,   FMA,4.99,0.97,1.62,0,2.38,3.5,   FMA,TRUE,FALSE,FALSE,FALSE,FALSE,FALSE
43,,Mat_LifeLine_BroneLine,UltraQuality,TMobileBasePassPSFMobileDirectionalLightAndVPIndirect3PPVPolicy0MM_DefaultfalseCSM.frag, Mali-G78 r1p1,64,104,FALSE,0,4.99,0.97,1.62,0,2.38,3.5,   FMA,3.83,0.64,1.19,0,2.38,3.5,   FMA,4.99,0.97,1.62,0,2.38,3.5,   FMA,TRUE,FALSE,FALSE,FALSE,FALSE,FALSE
44,,Mat_LifeLine_BroneLine,UltraQuality,TMobileBasePassPSFMobileDirectionalLightAndVPIndirect3PPVPolicy0MM_DefaultfalseNoCSM.frag, Mali-G78 r1p1,64,104,FALSE,0,4.99,0.97,1.62,0,2.38,3.5,   FMA,3.83,0.64,1.19,0,2.38,3.5,   FMA,4.99,0.97,1.62,0,2.38,3.5,   FMA,TRUE,FALSE,FALSE,FALSE,FALSE,FALSE
45,,Mat_LifeLine_BroneLine,UltraQuality,TMobileBasePassPSFMobileDistanceFieldShadowsAndLQLightMapPolicy0MM_DefaultfalseCSM.frag, Mali-G78 r1p1,64,104,FALSE,0,4.99,0.97,1.62,0,2.38,3.5,   FMA,3.83,0.64,1.19,0,2.38,3.5,   FMA,4.99,0.97,1.62,0,2.38,3.5,   FMA,TRUE,FALSE,FALSE,FALSE,FALSE,FALSE
46,,Mat_LifeLine_BroneLine,UltraQuality,TMobileBasePassPSFMobileDistanceFieldShadowsAndLQLightMapPolicy0MM_DefaultfalseNoCSM.frag, Mali-G78 r1p1,64,104,FALSE,0,4.99,0.97,1.62,0,2.38,3.5,   FMA,3.83,0.64,1.19,0,2.38,3.5,   FMA,4.99,0.97,1.62,0,2.38,3.5,   FMA,TRUE,FALSE,FALSE,FALSE,FALSE,FALSE
47,,Mat_LifeLine_BroneLine,UltraQuality,TShadowDepthVSVertexShadowDepth_OutputDepthfalse.frag, Mali-G78 r1p1,64,104,FALSE,0,4.99,0.97,1.62,0,2.38,3.5,   FMA,3.83,0.64,1.19,0,2.38,3.5,   FMA,4.99,0.97,1.62,0,2.38,3.5,   FMA,TRUE,FALSE,FALSE,FALSE,FALSE,FALSE
48,,M_Apex_Base,HighQuality,TMobileBasePassPSFMobileDirectionalLightAndSHIndirectPolicy0MM_DefaultfalseCSM.frag, Mali-G78 r1p1,64,78,FALSE,34,4.06,1.25,1.62,0,1.75,4.75,     T,3.03,0.93,1.19,0,1.75,4.75,     T,4.06,1.25,1.62,0,1.75,4.75,     T,TRUE,FALSE,FALSE,FALSE,FALSE,FALSE
49,,M_Apex_Base,HighQuality,TMobileBasePassPSFMobileDirectionalLightAndSHIndirectPolicy0MM_DefaultfalseNoCSM.frag, Mali-G78 r1p1,64,78,FALSE,34,4.06,1.25,1.62,0,1.75,4.75,     T,3.03,0.93,1.19,0,1.75,4.75,     T,4.06,1.25,1.62,0,1.75,4.75,     T,TRUE,FALSE,FALSE,FALSE,FALSE,FALSE
50,,M_Apex_Base,HighQuality,TMobileBasePassPSFMobileDirectionalLightAndVPIndirect3PPVPolicy0MM_DefaultfalseCSM.frag, Mali-G78 r1p1,64,78,FALSE,34,4.06,1.25,1.62,0,1.75,4.75,     T,3.03,0.93,1.19,0,1.75,4.75,     T,4.06,1.25,1.62,0,1.75,4.75,     T,TRUE,FALSE,FALSE,FALSE,FALSE,FALSE
51,,M_Apex_Base,HighQuality,TMobileBasePassPSFMobileDirectionalLightAndVPIndirect3PPVPolicy0MM_DefaultfalseNoCSM.frag, Mali-G78 r1p1,64,78,FALSE,34,4.06,1.25,1.62,0,1.75,4.75,     T,3.03,0.93,1.19,0,1.75,4.75,     T,4.06,1.25,1.62,0,1.75,4.75,     T,TRUE,FALSE,FALSE,FALSE,FALSE,FALSE
52,,M_Apex_Base,HighQuality,TMobileBasePassPSFMobileDistanceFieldShadowsAndLQLightMapPolicy0MM_DefaultfalseCSM.frag, Mali-G78 r1p1,64,78,FALSE,34,4.06,1.25,1.62,0,1.75,4.75,     T,3.03,0.93,1.19,0,1.75,4.75,     T,4.06,1.25,1.62,0,1.75,4.75,     T,TRUE,FALSE,FALSE,FALSE,FALSE,FALSE
53,,M_Apex_Base,HighQuality,TMobileBasePassPSFMobileDistanceFieldShadowsAndLQLightMapPolicy0MM_DefaultfalseNoCSM.frag, Mali-G78 r1p1,64,78,FALSE,34,4.06,1.25,1.62,0,1.75,4.75,     T,3.03,0.93,1.19,0,1.75,4.75,     T,4.06,1.25,1.62,0,1.75,4.75,     T,TRUE,FALSE,FALSE,FALSE,FALSE,FALSE
54,,M_Apex_Base,HighQuality,TMobileBasePassVSFMobileDirectionalLightAndSHIndirectPolicyCSM.frag, Mali-G78 r1p1,64,78,FALSE,34,4.06,1.25,1.62,0,1.75,4.75,     T,3.03,0.93,1.19,0,1.75,4.75,     T,4.06,1.25,1.62,0,1.75,4.75,     T,TRUE,FALSE,FALSE,FALSE,FALSE,FALSE
55,,M_Apex_Base,HighQuality,TMobileBasePassVSFMobileDirectionalLightAndSHIndirectPolicyNoCSM.frag, Mali-G78 r1p1,22,22,FALSE,33,0.72,0.39,0.25,0,1,1,  V& T,0.3,0.23,0.19,0,0.75,1,     T,0.72,0.39,0.25,0,1,1,  V& T,TRUE,FALSE,FALSE,FALSE,FALSE,FALSE
56,,M_Apex_Base,LowQuality,TMobileBasePassPSFMobileDirectionalLightAndSHIndirectPolicy0MM_DefaultfalseNoCSM.frag, Mali-G78 r1p1,22,22,FALSE,33,0.72,0.39,0.25,0,1,1,  V& T,0.3,0.23,0.19,0,0.75,1,     T,0.72,0.39,0.25,0,1,1,  V& T,TRUE,FALSE,FALSE,FALSE,FALSE,FALSE
57,,M_Apex_Base,LowQuality,TMobileBasePassPSFMobileDirectionalLightAndVPIndirect3PPVPolicy0MM_DefaultfalseNoCSM.frag, Mali-G78 r1p1,22,22,FALSE,33,0.72,0.39,0.25,0,1,1,  V& T,0.3,0.23,0.19,0,0.75,1,     T,0.72,0.39,0.25,0,1,1,  V& T,TRUE,FALSE,FALSE,FALSE,FALSE,FALSE
58,,M_Apex_Base,LowQuality,TMobileBasePassPSFMobileDistanceFieldShadowsAndLQLightMapPolicy0MM_DefaultfalseNoCSM.frag, Mali-G78 r1p1,22,22,FALSE,33,0.72,0.39,0.25,0,1,1,  V& T,0.3,0.23,0.19,0,0.75,1,     T,0.72,0.39,0.25,0,1,1,  V& T,TRUE,FALSE,FALSE,FALSE,FALSE,FALSE
59,,M_Apex_Base,LowQuality,TMobileBasePassVSFMobileDirectionalLightAndSHIndirectPolicyNoCSM.frag, Mali-G78 r1p1,22,22,FALSE,33,0.72,0.39,0.25,0,1,1,  V& T,0.3,0.23,0.19,0,0.75,1,     T,0.72,0.39,0.25,0,1,1,  V& T,TRUE,FALSE,FALSE,FALSE,FALSE,FALSE
60,,M_Apex_Base,MidQuality,TMobileBasePassPSFMobileDirectionalLightAndSHIndirectPolicy0MM_DefaultfalseCSM.frag, Mali-G78 r1p1,63,78,FALSE,35,3.91,1.25,1.62,0,1.75,4,     T,2.88,0.91,1.19,0,1.75,4,     T,3.91,1.25,1.62,0,1.75,4,     T,TRUE,FALSE,FALSE,FALSE,FALSE,FALSE
61,,M_Apex_Base,MidQuality,TMobileBasePassPSFMobileDirectionalLightAndSHIndirectPolicy0MM_DefaultfalseNoCSM.frag, Mali-G78 r1p1,63,78,FALSE,35,3.91,1.25,1.62,0,1.75,4,     T,2.88,0.91,1.19,0,1.75,4,     T,3.91,1.25,1.62,0,1.75,4,     T,TRUE,FALSE,FALSE,FALSE,FALSE,FALSE
62,,M_Apex_Base,MidQuality,TMobileBasePassPSFMobileDirectionalLightAndVPIndirect3PPVPolicy0MM_DefaultfalseCSM.frag, Mali-G78 r1p1,63,78,FALSE,35,3.91,1.25,1.62,0,1.75,4,     T,2.88,0.91,1.19,0,1.75,4,     T,3.91,1.25,1.62,0,1.75,4,     T,TRUE,FALSE,FALSE,FALSE,FALSE,FALSE
63,,M_Apex_Base,MidQuality,TMobileBasePassPSFMobileDirectionalLightAndVPIndirect3PPVPolicy0MM_DefaultfalseNoCSM.frag, Mali-G78 r1p1,63,78,FALSE,35,3.91,1.25,1.62,0,1.75,4,     T,2.88,0.91,1.19,0,1.75,4,     T,3.91,1.25,1.62,0,1.75,4,     T,TRUE,FALSE,FALSE,FALSE,FALSE,FALSE
64,,M_Apex_Base,MidQuality,TMobileBasePassPSFMobileDistanceFieldShadowsAndLQLightMapPolicy0MM_DefaultfalseCSM.frag, Mali-G78 r1p1,63,78,FALSE,35,3.91,1.25,1.62,0,1.75,4,     T,2.88,0.91,1.19,0,1.75,4,     T,3.91,1.25,1.62,0,1.75,4,     T,TRUE,FALSE,FALSE,FALSE,FALSE,FALSE
65,,M_Apex_Base,MidQuality,TMobileBasePassPSFMobileDistanceFieldShadowsAndLQLightMapPolicy0MM_DefaultfalseNoCSM.frag, Mali-G78 r1p1,63,78,FALSE,35,3.91,1.25,1.62,0,1.75,4,     T,2.88,0.91,1.19,0,1.75,4,     T,3.91,1.25,1.62,0,1.75,4,     T,TRUE,FALSE,FALSE,FALSE,FALSE,FALSE
66,,M_Apex_Base,MidQuality,TMobileBasePassVSFMobileDirectionalLightAndSHIndirectPolicyCSM.frag, Mali-G78 r1p1,63,78,FALSE,35,3.91,1.25,1.62,0,1.75,4,     T,2.88,0.91,1.19,0,1.75,4,     T,3.91,1.25,1.62,0,1.75,4,     T,TRUE,FALSE,FALSE,FALSE,FALSE,FALSE
67,,M_Apex_Base,MidQuality,TMobileBasePassVSFMobileDirectionalLightAndSHIndirectPolicyNoCSM.frag, Mali-G78 r1p1,22,22,FALSE,33,0.72,0.39,0.25,0,1,1,  V& T,0.3,0.23,0.19,0,0.75,1,     T,0.72,0.39,0.25,0,1,1,  V& T,TRUE,FALSE,FALSE,FALSE,FALSE,FALSE
68,,M_Apex_Base,UltraQuality,TMobileBasePassPSFMobileDirectionalLightAndSHIndirectPolicy0MM_DefaultfalseCSM.frag, Mali-G78 r1p1,64,88,FALSE,31,4.34,1.33,1.62,0,1.75,4.75,     T,3.31,1,1.19,0,1.75,4.75,     T,4.34,1.33,1.62,0,1.75,4.75,     T,TRUE,FALSE,FALSE,FALSE,FALSE,FALSE
69,,M_Apex_Base,UltraQuality,TMobileBasePassPSFMobileDirectionalLightAndSHIndirectPolicy0MM_DefaultfalseNoCSM.frag, Mali-G78 r1p1,64,88,FALSE,31,4.34,1.33,1.62,0,1.75,4.75,     T,3.31,1,1.19,0,1.75,4.75,     T,4.34,1.33,1.62,0,1.75,4.75,     T,TRUE,FALSE,FALSE,FALSE,FALSE,FALSE
70,,M_Apex_Base,UltraQuality,TMobileBasePassPSFMobileDirectionalLightAndVPIndirect3PPVPolicy0MM_DefaultfalseCSM.frag, Mali-G78 r1p1,64,88,FALSE,31,4.34,1.33,1.62,0,1.75,4.75,     T,3.31,1,1.19,0,1.75,4.75,     T,4.34,1.33,1.62,0,1.75,4.75,     T,TRUE,FALSE,FALSE,FALSE,FALSE,FALSE
71,,M_Apex_Base,UltraQuality,TMobileBasePassPSFMobileDirectionalLightAndVPIndirect3PPVPolicy0MM_DefaultfalseNoCSM.frag, Mali-G78 r1p1,64,88,FALSE,31,4.34,1.33,1.62,0,1.75,4.75,     T,3.31,1,1.19,0,1.75,4.75,     T,4.34,1.33,1.62,0,1.75,4.75,     T,TRUE,FALSE,FALSE,FALSE,FALSE,FALSE
72,,M_Apex_Base,UltraQuality,TMobileBasePassPSFMobileDistanceFieldShadowsAndLQLightMapPolicy0MM_DefaultfalseCSM.frag, Mali-G78 r1p1,64,88,FALSE,31,4.34,1.33,1.62,0,1.75,4.75,     T,3.31,1,1.19,0,1.75,4.75,     T,4.34,1.33,1.62,0,1.75,4.75,     T,TRUE,FALSE,FALSE,FALSE,FALSE,FALSE
73,,M_Apex_Base,UltraQuality,TMobileBasePassPSFMobileDistanceFieldShadowsAndLQLightMapPolicy0MM_DefaultfalseNoCSM.frag, Mali-G78 r1p1,64,88,FALSE,31,4.34,1.33,1.62,0,1.75,4.75,     T,3.31,1,1.19,0,1.75,4.75,     T,4.34,1.33,1.62,0,1.75,4.75,     T,TRUE,FALSE,FALSE,FALSE,FALSE,FALSE
74,,M_Apex_Base,UltraQuality,TMobileBasePassVSFMobileDirectionalLightAndSHIndirectPolicyCSM.frag, Mali-G78 r1p1,64,88,FALSE,31,4.34,1.33,1.62,0,1.75,4.75,     T,3.31,1,1.19,0,1.75,4.75,     T,4.34,1.33,1.62,0,1.75,4.75,     T,TRUE,FALSE,FALSE,FALSE,FALSE,FALSE
75,,M_Apex_Base,UltraQuality,TMobileBasePassVSFMobileDirectionalLightAndSHIndirectPolicyNoCSM.frag, Mali-G78 r1p1,22,22,FALSE,33,0.72,0.39,0.25,0,1,1,  V& T,0.3,0.23,0.19,0,0.75,1,     T,0.72,0.39,0.25,0,1,1,  V& T,TRUE,FALSE,FALSE,FALSE,FALSE,FALSE
76,,M_APGamePC_Base,HighQuality,TMobileBasePassPSFMobileDirectionalLightAndSHIndirectPolicy0MM_DefaultfalseCSM.frag, Mali-G78 r1p1,64,92,FALSE,53,4.14,1.59,1.62,0,1.75,3,   FMA,3.11,0.94,1.19,0,1.75,3,   FMA,4.14,1.59,1.62,0,1.75,3,   FMA,TRUE,FALSE,FALSE,FALSE,FALSE,FALSE
77,,M_APGamePC_Base,HighQuality,TMobileBasePassPSFMobileDirectionalLightAndSHIndirectPolicy0MM_DefaultfalseNoCSM.frag, Mali-G78 r1p1,64,92,FALSE,53,4.14,1.59,1.62,0,1.75,3,   FMA,3.11,0.94,1.19,0,1.75,3,   FMA,4.14,1.59,1.62,0,1.75,3,   FMA,TRUE,FALSE,FALSE,FALSE,FALSE,FALSE
78,,M_APGamePC_Base,HighQuality,TMobileBasePassPSFMobileDirectionalLightAndVPIndirect3PPVPolicy0MM_DefaultfalseCSM.frag, Mali-G78 r1p1,64,92,FALSE,53,4.14,1.59,1.62,0,1.75,3,   FMA,3.11,0.94,1.19,0,1.75,3,   FMA,4.14,1.59,1.62,0,1.75,3,   FMA,TRUE,FALSE,FALSE,FALSE,FALSE,FALSE
79,,M_APGamePC_Base,HighQuality,TMobileBasePassPSFMobileDirectionalLightAndVPIndirect3PPVPolicy0MM_DefaultfalseNoCSM.frag, Mali-G78 r1p1,64,92,FALSE,53,4.14,1.59,1.62,0,1.75,3,   FMA,3.11,0.94,1.19,0,1.75,3,   FMA,4.14,1.59,1.62,0,1.75,3,   FMA,TRUE,FALSE,FALSE,FALSE,FALSE,FALSE
80,,M_APGamePC_Base,HighQuality,TMobileBasePassPSFMobileDistanceFieldShadowsAndLQLightMapPolicy0MM_DefaultfalseCSM.frag, Mali-G78 r1p1,64,92,FALSE,53,4.14,1.59,1.62,0,1.75,3,   FMA,3.11,0.94,1.19,0,1.75,3,   FMA,4.14,1.59,1.62,0,1.75,3,   FMA,TRUE,FALSE,FALSE,FALSE,FALSE,FALSE
81,,M_APGamePC_Base,HighQuality,TMobileBasePassPSFMobileDistanceFieldShadowsAndLQLightMapPolicy0MM_DefaultfalseNoCSM.frag, Mali-G78 r1p1,64,92,FALSE,53,4.14,1.59,1.62,0,1.75,3,   FMA,3.11,0.94,1.19,0,1.75,3,   FMA,4.14,1.59,1.62,0,1.75,3,   FMA,TRUE,FALSE,FALSE,FALSE,FALSE,FALSE
82,,M_APGamePC_Base,HighQuality,TMobileBasePassVSFMobileDirectionalLightAndSHIndirectPolicyCSM.frag, Mali-G78 r1p1,64,92,FALSE,53,4.14,1.59,1.62,0,1.75,3,   FMA,3.11,0.94,1.19,0,1.75,3,   FMA,4.14,1.59,1.62,0,1.75,3,   FMA,TRUE,FALSE,FALSE,FALSE,FALSE,FALSE
83,,M_APGamePC_Base,HighQuality,TMobileBasePassVSFMobileDirectionalLightAndSHIndirectPolicyNoCSM.frag, Mali-G78 r1p1,28,36,FALSE,50,0.94,0.96,0.25,0,1,0.5,     V,0.52,0.45,0.19,0,0.75,0.5,     V,0.94,0.96,0.25,0,1,0.5,     V,TRUE,FALSE,FALSE,FALSE,FALSE,FALSE
84,,M_APGamePC_Base,LowQuality,TMobileBasePassPSFMobileDirectionalLightAndSHIndirectPolicy0MM_DefaultfalseNoCSM.frag, Mali-G78 r1p1,28,36,FALSE,50,0.94,0.96,0.25,0,1,0.5,     V,0.52,0.45,0.19,0,0.75,0.5,     V,0.94,0.96,0.25,0,1,0.5,     V,TRUE,FALSE,FALSE,FALSE,FALSE,FALSE
85,,M_APGamePC_Base,LowQuality,TMobileBasePassPSFMobileDirectionalLightAndVPIndirect3PPVPolicy0MM_DefaultfalseNoCSM.frag, Mali-G78 r1p1,28,36,FALSE,50,0.94,0.96,0.25,0,1,0.5,     V,0.52,0.45,0.19,0,0.75,0.5,     V,0.94,0.96,0.25,0,1,0.5,     V,TRUE,FALSE,FALSE,FALSE,FALSE,FALSE
86,,M_APGamePC_Base,LowQuality,TMobileBasePassPSFMobileDistanceFieldShadowsAndLQLightMapPolicy0MM_DefaultfalseNoCSM.frag, Mali-G78 r1p1,28,36,FALSE,50,0.94,0.96,0.25,0,1,0.5,     V,0.52,0.45,0.19,0,0.75,0.5,     V,0.94,0.96,0.25,0,1,0.5,     V,TRUE,FALSE,FALSE,FALSE,FALSE,FALSE
87,,M_APGamePC_Base,LowQuality,TMobileBasePassVSFMobileDirectionalLightAndSHIndirectPolicyNoCSM.frag, Mali-G78 r1p1,28,36,FALSE,50,0.94,0.96,0.25,0,1,0.5,     V,0.52,0.45,0.19,0,0.75,0.5,     V,0.94,0.96,0.25,0,1,0.5,     V,TRUE,FALSE,FALSE,FALSE,FALSE,FALSE
88,,M_APGamePC_Base,MidQuality,TMobileBasePassPSFMobileDirectionalLightAndSHIndirectPolicy0MM_DefaultfalseCSM.frag, Mali-G78 r1p1,64,92,FALSE,54,3.99,1.56,1.62,0,1.75,2.25,   FMA,2.96,0.91,1.19,0,1.75,2.25,   FMA,3.99,1.56,1.62,0,1.75,2.25,   FMA,TRUE,FALSE,FALSE,FALSE,FALSE,FALSE
89,,M_APGamePC_Base,MidQuality,TMobileBasePassPSFMobileDirectionalLightAndSHIndirectPolicy0MM_DefaultfalseNoCSM.frag, Mali-G78 r1p1,64,92,FALSE,54,3.99,1.56,1.62,0,1.75,2.25,   FMA,2.96,0.91,1.19,0,1.75,2.25,   FMA,3.99,1.56,1.62,0,1.75,2.25,   FMA,TRUE,FALSE,FALSE,FALSE,FALSE,FALSE
90,,M_APGamePC_Base,MidQuality,TMobileBasePassPSFMobileDirectionalLightAndVPIndirect3PPVPolicy0MM_DefaultfalseCSM.frag, Mali-G78 r1p1,64,92,FALSE,54,3.99,1.56,1.62,0,1.75,2.25,   FMA,2.96,0.91,1.19,0,1.75,2.25,   FMA,3.99,1.56,1.62,0,1.75,2.25,   FMA,TRUE,FALSE,FALSE,FALSE,FALSE,FALSE
91,,M_APGamePC_Base,MidQuality,TMobileBasePassPSFMobileDirectionalLightAndVPIndirect3PPVPolicy0MM_DefaultfalseNoCSM.frag, Mali-G78 r1p1,64,92,FALSE,54,3.99,1.56,1.62,0,1.75,2.25,   FMA,2.96,0.91,1.19,0,1.75,2.25,   FMA,3.99,1.56,1.62,0,1.75,2.25,   FMA,TRUE,FALSE,FALSE,FALSE,FALSE,FALSE
92,,M_APGamePC_Base,MidQuality,TMobileBasePassPSFMobileDistanceFieldShadowsAndLQLightMapPolicy0MM_DefaultfalseCSM.frag, Mali-G78 r1p1,64,92,FALSE,54,3.99,1.56,1.62,0,1.75,2.25,   FMA,2.96,0.91,1.19,0,1.75,2.25,   FMA,3.99,1.56,1.62,0,1.75,2.25,   FMA,TRUE,FALSE,FALSE,FALSE,FALSE,FALSE
93,,M_APGamePC_Base,MidQuality,TMobileBasePassPSFMobileDistanceFieldShadowsAndLQLightMapPolicy0MM_DefaultfalseNoCSM.frag, Mali-G78 r1p1,64,92,FALSE,54,3.99,1.56,1.62,0,1.75,2.25,   FMA,2.96,0.91,1.19,0,1.75,2.25,   FMA,3.99,1.56,1.62,0,1.75,2.25,   FMA,TRUE,FALSE,FALSE,FALSE,FALSE,FALSE
94,,M_APGamePC_Base,MidQuality,TMobileBasePassVSFMobileDirectionalLightAndSHIndirectPolicyCSM.frag, Mali-G78 r1p1,64,92,FALSE,54,3.99,1.56,1.62,0,1.75,2.25,   FMA,2.96,0.91,1.19,0,1.75,2.25,   FMA,3.99,1.56,1.62,0,1.75,2.25,   FMA,TRUE,FALSE,FALSE,FALSE,FALSE,FALSE
95,,M_APGamePC_Base,MidQuality,TMobileBasePassVSFMobileDirectionalLightAndSHIndirectPolicyNoCSM.frag, Mali-G78 r1p1,28,36,FALSE,50,0.94,0.96,0.25,0,1,0.5,     V,0.52,0.45,0.19,0,0.75,0.5,     V,0.94,0.96,0.25,0,1,0.5,     V,TRUE,FALSE,FALSE,FALSE,FALSE,FALSE
96,,M_APGamePC_Base,UltraQuality,TMobileBasePassPSFMobileDirectionalLightAndSHIndirectPolicy0MM_DefaultfalseCSM.frag, Mali-G78 r1p1,64,104,FALSE,35,4.43,1.78,1.62,0,1.75,3,   FMA,3.39,1.11,1.19,0,1.75,3,   FMA,4.43,1.78,1.62,0,1.75,3,   FMA,TRUE,FALSE,FALSE,FALSE,FALSE,FALSE
97,,M_APGamePC_Base,UltraQuality,TMobileBasePassPSFMobileDirectionalLightAndSHIndirectPolicy0MM_DefaultfalseNoCSM.frag, Mali-G78 r1p1,64,104,FALSE,35,4.43,1.78,1.62,0,1.75,3,   FMA,3.39,1.11,1.19,0,1.75,3,   FMA,4.43,1.78,1.62,0,1.75,3,   FMA,TRUE,FALSE,FALSE,FALSE,FALSE,FALSE
98,,M_APGamePC_Base,UltraQuality,TMobileBasePassPSFMobileDirectionalLightAndVPIndirect3PPVPolicy0MM_DefaultfalseCSM.frag, Mali-G78 r1p1,64,104,FALSE,35,4.43,1.78,1.62,0,1.75,3,   FMA,3.39,1.11,1.19,0,1.75,3,   FMA,4.43,1.78,1.62,0,1.75,3,   FMA,TRUE,FALSE,FALSE,FALSE,FALSE,FALSE
99,,M_APGamePC_Base,UltraQuality,TMobileBasePassPSFMobileDirectionalLightAndVPIndirect3PPVPolicy0MM_DefaultfalseNoCSM.frag, Mali-G78 r1p1,64,104,FALSE,35,4.43,1.78,1.62,0,1.75,3,   FMA,3.39,1.11,1.19,0,1.75,3,   FMA,4.43,1.78,1.62,0,1.75,3,   FMA,TRUE,FALSE,FALSE,FALSE,FALSE,FALSE
100,,M_APGamePC_Base,UltraQuality,TMobileBasePassPSFMobileDistanceFieldShadowsAndLQLightMapPolicy0MM_DefaultfalseCSM.frag, Mali-G78 r1p1,64,104,FALSE,35,4.43,1.78,1.62,0,1.75,3,   FMA,3.39,1.11,1.19,0,1.75,3,   FMA,4.43,1.78,1.62,0,1.75,3,   FMA,TRUE,FALSE,FALSE,FALSE,FALSE,FALSE
101,,M_APGamePC_Base,UltraQuality,TMobileBasePassPSFMobileDistanceFieldShadowsAndLQLightMapPolicy0MM_DefaultfalseNoCSM.frag, Mali-G78 r1p1,64,104,FALSE,35,4.43,1.78,1.62,0,1.75,3,   FMA,3.39,1.11,1.19,0,1.75,3,   FMA,4.43,1.78,1.62,0,1.75,3,   FMA,TRUE,FALSE,FALSE,FALSE,FALSE,FALSE
102,,M_APGamePC_Base,UltraQuality,TMobileBasePassVSFMobileDirectionalLightAndSHIndirectPolicyCSM.frag, Mali-G78 r1p1,64,104,FALSE,35,4.43,1.78,1.62,0,1.75,3,   FMA,3.39,1.11,1.19,0,1.75,3,   FMA,4.43,1.78,1.62,0,1.75,3,   FMA,TRUE,FALSE,FALSE,FALSE,FALSE,FALSE
103,,M_APGamePC_Base,UltraQuality,TMobileBasePassVSFMobileDirectionalLightAndSHIndirectPolicyNoCSM.frag, Mali-G78 r1p1,28,36,FALSE,50,0.94,0.96,0.25,0,1,0.5,     V,0.52,0.45,0.19,0,0.75,0.5,     V,0.94,0.96,0.25,0,1,0.5,     V,TRUE,FALSE,FALSE,FALSE,FALSE,FALSE
104,,M_APGamePC_Base_2,HighQuality,TMobileBasePassPSFMobileDirectionalLightAndSHIndirectPolicy0MM_DefaultfalseCSM.frag, Mali-G78 r1p1,64,108,FALSE,37,4.68,2.27,1.69,0,1.75,5,     T,3.64,1.39,1.25,0,1.75,5,     T,4.68,2.27,1.69,0,1.75,5,     T,TRUE,FALSE,FALSE,FALSE,FALSE,FALSE
105,,M_APGamePC_Base_2,HighQuality,TMobileBasePassPSFMobileDirectionalLightAndSHIndirectPolicy0MM_DefaultfalseNoCSM.frag, Mali-G78 r1p1,64,108,FALSE,37,4.68,2.27,1.69,0,1.75,5,     T,3.64,1.39,1.25,0,1.75,5,     T,4.68,2.27,1.69,0,1.75,5,     T,TRUE,FALSE,FALSE,FALSE,FALSE,FALSE
106,,M_APGamePC_Base_2,HighQuality,TMobileBasePassPSFMobileDirectionalLightAndVPIndirect3PPVPolicy0MM_DefaultfalseCSM.frag, Mali-G78 r1p1,64,108,FALSE,37,4.68,2.27,1.69,0,1.75,5,     T,3.64,1.39,1.25,0,1.75,5,     T,4.68,2.27,1.69,0,1.75,5,     T,TRUE,FALSE,FALSE,FALSE,FALSE,FALSE
107,,M_APGamePC_Base_2,HighQuality,TMobileBasePassPSFMobileDirectionalLightAndVPIndirect3PPVPolicy0MM_DefaultfalseNoCSM.frag, Mali-G78 r1p1,64,108,FALSE,37,4.68,2.27,1.69,0,1.75,5,     T,3.64,1.39,1.25,0,1.75,5,     T,4.68,2.27,1.69,0,1.75,5,     T,TRUE,FALSE,FALSE,FALSE,FALSE,FALSE
108,,M_APGamePC_Base_2,HighQuality,TMobileBasePassPSFMobileDistanceFieldShadowsAndLQLightMapPolicy0MM_DefaultfalseCSM.frag, Mali-G78 r1p1,64,108,FALSE,37,4.68,2.27,1.69,0,1.75,5,     T,3.64,1.39,1.25,0,1.75,5,     T,4.68,2.27,1.69,0,1.75,5,     T,TRUE,FALSE,FALSE,FALSE,FALSE,FALSE
109,,M_APGamePC_Base_2,HighQuality,TMobileBasePassPSFMobileDistanceFieldShadowsAndLQLightMapPolicy0MM_DefaultfalseNoCSM.frag, Mali-G78 r1p1,64,108,FALSE,37,4.68,2.27,1.69,0,1.75,5,     T,3.64,1.39,1.25,0,1.75,5,     T,4.68,2.27,1.69,0,1.75,5,     T,TRUE,FALSE,FALSE,FALSE,FALSE,FALSE
110,,M_APGamePC_Base_2,HighQuality,TMobileBasePassVSFMobileDirectionalLightAndSHIndirectPolicyCSM.frag, Mali-G78 r1p1,64,108,FALSE,37,4.68,2.27,1.69,0,1.75,5,     T,3.64,1.39,1.25,0,1.75,5,     T,4.68,2.27,1.69,0,1.75,5,     T,TRUE,FALSE,FALSE,FALSE,FALSE,FALSE
111,,M_APGamePC_Base_2,HighQuality,TMobileBasePassVSFMobileDirectionalLightAndSHIndirectPolicyNoCSM.frag, Mali-G78 r1p1,31,52,FALSE,39,1.19,1.36,0.25,0,1,1.75,     T,0.77,0.66,0.19,0,0.75,1.75,     T,1.19,1.36,0.25,0,1,1.75,     T,TRUE,FALSE,FALSE,FALSE,FALSE,FALSE
112,,M_APGamePC_Base_2,LowQuality,TMobileBasePassPSFMobileDirectionalLightAndSHIndirectPolicy0MM_DefaultfalseNoCSM.frag, Mali-G78 r1p1,31,52,FALSE,39,1.19,1.36,0.25,0,1,1.75,     T,0.77,0.66,0.19,0,0.75,1.75,     T,1.19,1.36,0.25,0,1,1.75,     T,TRUE,FALSE,FALSE,FALSE,FALSE,FALSE
113,,M_APGamePC_Base_2,LowQuality,TMobileBasePassPSFMobileDirectionalLightAndVPIndirect3PPVPolicy0MM_DefaultfalseNoCSM.frag, Mali-G78 r1p1,31,52,FALSE,39,1.19,1.36,0.25,0,1,1.75,     T,0.77,0.66,0.19,0,0.75,1.75,     T,1.19,1.36,0.25,0,1,1.75,     T,TRUE,FALSE,FALSE,FALSE,FALSE,FALSE
114,,M_APGamePC_Base_2,LowQuality,TMobileBasePassPSFMobileDistanceFieldShadowsAndLQLightMapPolicy0MM_DefaultfalseNoCSM.frag, Mali-G78 r1p1,31,52,FALSE,39,1.19,1.36,0.25,0,1,1.75,     T,0.77,0.66,0.19,0,0.75,1.75,     T,1.19,1.36,0.25,0,1,1.75,     T,TRUE,FALSE,FALSE,FALSE,FALSE,FALSE
115,,M_APGamePC_Base_2,LowQuality,TMobileBasePassVSFMobileDirectionalLightAndSHIndirectPolicyNoCSM.frag, Mali-G78 r1p1,31,52,FALSE,39,1.19,1.36,0.25,0,1,1.75,     T,0.77,0.66,0.19,0,0.75,1.75,     T,1.19,1.36,0.25,0,1,1.75,     T,TRUE,FALSE,FALSE,FALSE,FALSE,FALSE
116,,M_APGamePC_Base_2,MidQuality,TMobileBasePassPSFMobileDirectionalLightAndSHIndirectPolicy0MM_DefaultfalseCSM.frag, Mali-G78 r1p1,63,110,FALSE,38,4.52,2.24,1.69,0,1.75,4.25,   FMA,3.49,1.36,1.25,0,1.75,4.25,     T,4.52,2.24,1.69,0,1.75,4.25,   FMA,TRUE,FALSE,FALSE,FALSE,FALSE,FALSE
117,,M_APGamePC_Base_2,MidQuality,TMobileBasePassPSFMobileDirectionalLightAndSHIndirectPolicy0MM_DefaultfalseNoCSM.frag, Mali-G78 r1p1,63,110,FALSE,38,4.52,2.24,1.69,0,1.75,4.25,   FMA,3.49,1.36,1.25,0,1.75,4.25,     T,4.52,2.24,1.69,0,1.75,4.25,   FMA,TRUE,FALSE,FALSE,FALSE,FALSE,FALSE
118,,M_APGamePC_Base_2,MidQuality,TMobileBasePassPSFMobileDirectionalLightAndVPIndirect3PPVPolicy0MM_DefaultfalseCSM.frag, Mali-G78 r1p1,63,110,FALSE,38,4.52,2.24,1.69,0,1.75,4.25,   FMA,3.49,1.36,1.25,0,1.75,4.25,     T,4.52,2.24,1.69,0,1.75,4.25,   FMA,TRUE,FALSE,FALSE,FALSE,FALSE,FALSE
119,,M_APGamePC_Base_2,MidQuality,TMobileBasePassPSFMobileDirectionalLightAndVPIndirect3PPVPolicy0MM_DefaultfalseNoCSM.frag, Mali-G78 r1p1,63,110,FALSE,38,4.52,2.24,1.69,0,1.75,4.25,   FMA,3.49,1.36,1.25,0,1.75,4.25,     T,4.52,2.24,1.69,0,1.75,4.25,   FMA,TRUE,FALSE,FALSE,FALSE,FALSE,FALSE
120,,M_APGamePC_Base_2,MidQuality,TMobileBasePassPSFMobileDistanceFieldShadowsAndLQLightMapPolicy0MM_DefaultfalseCSM.frag, Mali-G78 r1p1,63,110,FALSE,38,4.52,2.24,1.69,0,1.75,4.25,   FMA,3.49,1.36,1.25,0,1.75,4.25,     T,4.52,2.24,1.69,0,1.75,4.25,   FMA,TRUE,FALSE,FALSE,FALSE,FALSE,FALSE
121,,M_APGamePC_Base_2,MidQuality,TMobileBasePassPSFMobileDistanceFieldShadowsAndLQLightMapPolicy0MM_DefaultfalseNoCSM.frag, Mali-G78 r1p1,63,110,FALSE,38,4.52,2.24,1.69,0,1.75,4.25,   FMA,3.49,1.36,1.25,0,1.75,4.25,     T,4.52,2.24,1.69,0,1.75,4.25,   FMA,TRUE,FALSE,FALSE,FALSE,FALSE,FALSE
122,,M_APGamePC_Base_2,MidQuality,TMobileBasePassVSFMobileDirectionalLightAndSHIndirectPolicyCSM.frag, Mali-G78 r1p1,63,110,FALSE,38,4.52,2.24,1.69,0,1.75,4.25,   FMA,3.49,1.36,1.25,0,1.75,4.25,     T,4.52,2.24,1.69,0,1.75,4.25,   FMA,TRUE,FALSE,FALSE,FALSE,FALSE,FALSE
123,,M_APGamePC_Base_2,MidQuality,TMobileBasePassVSFMobileDirectionalLightAndSHIndirectPolicyNoCSM.frag, Mali-G78 r1p1,31,52,FALSE,39,1.19,1.36,0.25,0,1,1.75,     T,0.77,0.66,0.19,0,0.75,1.75,     T,1.19,1.36,0.25,0,1,1.75,     T,TRUE,FALSE,FALSE,FALSE,FALSE,FALSE
124,,M_APGamePC_Base_2,UltraQuality,TMobileBasePassPSFMobileDirectionalLightAndSHIndirectPolicy0MM_DefaultfalseCSM.frag, Mali-G78 r1p1,64,118,FALSE,35,4.96,2.34,1.69,0,1.75,5,     T,3.92,1.47,1.25,0,1.75,5,     T,4.96,2.34,1.69,0,1.75,5,     T,TRUE,FALSE,FALSE,FALSE,FALSE,FALSE
125,,M_APGamePC_Base_2,UltraQuality,TMobileBasePassPSFMobileDirectionalLightAndSHIndirectPolicy0MM_DefaultfalseNoCSM.frag, Mali-G78 r1p1,64,118,FALSE,35,4.96,2.34,1.69,0,1.75,5,     T,3.92,1.47,1.25,0,1.75,5,     T,4.96,2.34,1.69,0,1.75,5,     T,TRUE,FALSE,FALSE,FALSE,FALSE,FALSE
126,,M_APGamePC_Base_2,UltraQuality,TMobileBasePassPSFMobileDirectionalLightAndVPIndirect3PPVPolicy0MM_DefaultfalseCSM.frag, Mali-G78 r1p1,64,118,FALSE,35,4.96,2.34,1.69,0,1.75,5,     T,3.92,1.47,1.25,0,1.75,5,     T,4.96,2.34,1.69,0,1.75,5,     T,TRUE,FALSE,FALSE,FALSE,FALSE,FALSE
127,,M_APGamePC_Base_2,UltraQuality,TMobileBasePassPSFMobileDirectionalLightAndVPIndirect3PPVPolicy0MM_DefaultfalseNoCSM.frag, Mali-G78 r1p1,64,118,FALSE,35,4.96,2.34,1.69,0,1.75,5,     T,3.92,1.47,1.25,0,1.75,5,     T,4.96,2.34,1.69,0,1.75,5,     T,TRUE,FALSE,FALSE,FALSE,FALSE,FALSE
128,,M_APGamePC_Base_2,UltraQuality,TMobileBasePassPSFMobileDistanceFieldShadowsAndLQLightMapPolicy0MM_DefaultfalseCSM.frag, Mali-G78 r1p1,64,118,FALSE,35,4.96,2.34,1.69,0,1.75,5,     T,3.92,1.47,1.25,0,1.75,5,     T,4.96,2.34,1.69,0,1.75,5,     T,TRUE,FALSE,FALSE,FALSE,FALSE,FALSE
129,,M_APGamePC_Base_2,UltraQuality,TMobileBasePassPSFMobileDistanceFieldShadowsAndLQLightMapPolicy0MM_DefaultfalseNoCSM.frag, Mali-G78 r1p1,64,118,FALSE,35,4.96,2.34,1.69,0,1.75,5,     T,3.92,1.47,1.25,0,1.75,5,     T,4.96,2.34,1.69,0,1.75,5,     T,TRUE,FALSE,FALSE,FALSE,FALSE,FALSE
130,,M_APGamePC_Base_2,UltraQuality,TMobileBasePassVSFMobileDirectionalLightAndSHIndirectPolicyCSM.frag, Mali-G78 r1p1,64,118,FALSE,35,4.96,2.34,1.69,0,1.75,5,     T,3.92,1.47,1.25,0,1.75,5,     T,4.96,2.34,1.69,0,1.75,5,     T,TRUE,FALSE,FALSE,FALSE,FALSE,FALSE
131,,M_APGamePC_Base_2,UltraQuality,TMobileBasePassVSFMobileDirectionalLightAndSHIndirectPolicyNoCSM.frag, Mali-G78 r1p1,31,52,FALSE,39,1.19,1.36,0.25,0,1,1.75,     T,0.77,0.66,0.19,0,0.75,1.75,     T,1.19,1.36,0.25,0,1,1.75,     T,TRUE,FALSE,FALSE,FALSE,FALSE,FALSE
132,,M_APGamePC_Base_2,UltraQuality,TMobileBasePassVSFMobileDirectionalLightAndVPIndirect3PPVPolicyNoCSM.frag, Mali-G78 r1p1,31,52,FALSE,39,1.19,1.36,0.25,0,1,1.75,     T,0.77,0.66,0.19,0,0.75,1.75,     T,1.19,1.36,0.25,0,1,1.75,     T,TRUE,FALSE,FALSE,FALSE,FALSE,FALSE
133,,M_AreaLocator,HighQuality,TMobileBasePassPSFNoLightMapPolicy0MM_DefaultfalseNoCSM.frag, Mali-G78 r1p1,32,26,FALSE,0,1.14,0.33,0.25,0,1,1.5,     T,0.58,0.3,0.25,0,1,1.5,     T,1.14,0.33,0.25,0,1,1.5,     T,TRUE,FALSE,FALSE,FALSE,FALSE,FALSE
134,,M_AreaLocator,LowQuality,TMobileBasePassPSFNoLightMapPolicy0MM_DefaultfalseNoCSM.frag, Mali-G78 r1p1,32,20,FALSE,0,0.72,0.31,0.25,0,1,1.5,     T,0.58,0.28,0.25,0,1,1.5,     T,0.72,0.31,0.25,0,1,1.5,     T,TRUE,FALSE,FALSE,FALSE,FALSE,FALSE
135,,M_AreaLocator,MidQuality,TMobileBasePassPSFNoLightMapPolicy0MM_DefaultfalseNoCSM.frag, Mali-G78 r1p1,32,26,FALSE,0,1.14,0.33,0.25,0,1,1.5,     T,0.58,0.3,0.25,0,1,1.5,     T,1.14,0.33,0.25,0,1,1.5,     T,TRUE,FALSE,FALSE,FALSE,FALSE,FALSE
136,,M_AreaLocator,UltraQuality,TMobileBasePassPSFNoLightMapPolicy0MM_DefaultfalseNoCSM.frag, Mali-G78 r1p1,32,26,FALSE,0,1.14,0.33,0.25,0,1,1.5,     T,0.58,0.3,0.25,0,1,1.5,     T,1.14,0.33,0.25,0,1,1.5,     T,TRUE,FALSE,FALSE,FALSE,FALSE,FALSE
137,,M_asphalt07_wet,HighQuality,TMobileBasePassPSFMobileDirectionalLightAndSHIndirectPolicy0MM_DefaultfalseCSM.frag, Mali-G78 r1p1,64,84,FALSE,0,4.58,0.91,1.69,0,2.12,3.5,   FMA,3.42,0.58,1.25,0,2.12,3.5,     T,4.58,0.91,1.69,0,2.12,3.5,   FMA,TRUE,FALSE,FALSE,FALSE,FALSE,FALSE
138,,M_asphalt07_wet,HighQuality,TMobileBasePassPSFMobileDirectionalLightAndSHIndirectPolicy0MM_DefaultfalseNoCSM.frag, Mali-G78 r1p1,64,84,FALSE,0,4.58,0.91,1.69,0,2.12,3.5,   FMA,3.42,0.58,1.25,0,2.12,3.5,     T,4.58,0.91,1.69,0,2.12,3.5,   FMA,TRUE,FALSE,FALSE,FALSE,FALSE,FALSE
139,,M_asphalt07_wet,HighQuality,TMobileBasePassPSFMobileDirectionalLightAndVPIndirect3PPVPolicy0MM_DefaultfalseCSM.frag, Mali-G78 r1p1,64,84,FALSE,0,4.58,0.91,1.69,0,2.12,3.5,   FMA,3.42,0.58,1.25,0,2.12,3.5,     T,4.58,0.91,1.69,0,2.12,3.5,   FMA,TRUE,FALSE,FALSE,FALSE,FALSE,FALSE
140,,M_asphalt07_wet,HighQuality,TMobileBasePassPSFMobileDirectionalLightAndVPIndirect3PPVPolicy0MM_DefaultfalseNoCSM.frag, Mali-G78 r1p1,64,84,FALSE,0,4.58,0.91,1.69,0,2.12,3.5,   FMA,3.42,0.58,1.25,0,2.12,3.5,     T,4.58,0.91,1.69,0,2.12,3.5,   FMA,TRUE,FALSE,FALSE,FALSE,FALSE,FALSE
141,,M_asphalt07_wet,HighQuality,TMobileBasePassPSFMobileDistanceFieldShadowsAndLQLightMapPolicy0MM_DefaultfalseCSM.frag, Mali-G78 r1p1,64,84,FALSE,0,4.58,0.91,1.69,0,2.12,3.5,   FMA,3.42,0.58,1.25,0,2.12,3.5,     T,4.58,0.91,1.69,0,2.12,3.5,   FMA,TRUE,FALSE,FALSE,FALSE,FALSE,FALSE
142,,M_asphalt07_wet,HighQuality,TMobileBasePassPSFMobileDistanceFieldShadowsAndLQLightMapPolicy0MM_DefaultfalseNoCSM.frag, Mali-G78 r1p1,64,84,FALSE,0,4.58,0.91,1.69,0,2.12,3.5,   FMA,3.42,0.58,1.25,0,2.12,3.5,     T,4.58,0.91,1.69,0,2.12,3.5,   FMA,TRUE,FALSE,FALSE,FALSE,FALSE,FALSE
143,,M_asphalt07_wet,LowQuality,TMobileBasePassPSFMobileDirectionalLightAndSHIndirectPolicy0MM_DefaultfalseNoCSM.frag, Mali-G78 r1p1,23,24,FALSE,0,0.8,0.39,0.25,0,1.12,0.25,     V,0.34,0.27,0.19,0,1.12,0.25,     V,0.8,0.39,0.25,0,1.12,0.25,     V,TRUE,FALSE,FALSE,FALSE,FALSE,FALSE
144,,M_asphalt07_wet,LowQuality,TMobileBasePassPSFMobileDirectionalLightAndVPIndirect3PPVPolicy0MM_DefaultfalseNoCSM.frag, Mali-G78 r1p1,23,24,FALSE,0,0.8,0.39,0.25,0,1.12,0.25,     V,0.34,0.27,0.19,0,1.12,0.25,     V,0.8,0.39,0.25,0,1.12,0.25,     V,TRUE,FALSE,FALSE,FALSE,FALSE,FALSE
145,,M_asphalt07_wet,LowQuality,TMobileBasePassPSFMobileDistanceFieldShadowsAndLQLightMapPolicy0MM_DefaultfalseNoCSM.frag, Mali-G78 r1p1,23,24,FALSE,0,0.8,0.39,0.25,0,1.12,0.25,     V,0.34,0.27,0.19,0,1.12,0.25,     V,0.8,0.39,0.25,0,1.12,0.25,     V,TRUE,FALSE,FALSE,FALSE,FALSE,FALSE
146,,M_asphalt07_wet,MidQuality,TMobileBasePassPSFMobileDirectionalLightAndSHIndirectPolicy0MM_DefaultfalseCSM.frag, Mali-G78 r1p1,32,84,FALSE,0,4.43,0.84,1.69,0,2.12,2.75,   FMA,3.27,0.53,1.25,0,2.12,2.75,   FMA,4.43,0.84,1.69,0,2.12,2.75,   FMA,TRUE,FALSE,FALSE,FALSE,FALSE,FALSE
147,,M_asphalt07_wet,MidQuality,TMobileBasePassPSFMobileDirectionalLightAndSHIndirectPolicy0MM_DefaultfalseNoCSM.frag, Mali-G78 r1p1,32,84,FALSE,0,4.43,0.84,1.69,0,2.12,2.75,   FMA,3.27,0.53,1.25,0,2.12,2.75,   FMA,4.43,0.84,1.69,0,2.12,2.75,   FMA,TRUE,FALSE,FALSE,FALSE,FALSE,FALSE
148,,M_asphalt07_wet,MidQuality,TMobileBasePassPSFMobileDirectionalLightAndVPIndirect3PPVPolicy0MM_DefaultfalseCSM.frag, Mali-G78 r1p1,32,84,FALSE,0,4.43,0.84,1.69,0,2.12,2.75,   FMA,3.27,0.53,1.25,0,2.12,2.75,   FMA,4.43,0.84,1.69,0,2.12,2.75,   FMA,TRUE,FALSE,FALSE,FALSE,FALSE,FALSE
149,,M_asphalt07_wet,MidQuality,TMobileBasePassPSFMobileDirectionalLightAndVPIndirect3PPVPolicy0MM_DefaultfalseNoCSM.frag, Mali-G78 r1p1,32,84,FALSE,0,4.43,0.84,1.69,0,2.12,2.75,   FMA,3.27,0.53,1.25,0,2.12,2.75,   FMA,4.43,0.84,1.69,0,2.12,2.75,   FMA,TRUE,FALSE,FALSE,FALSE,FALSE,FALSE
150,,M_asphalt07_wet,MidQuality,TMobileBasePassPSFMobileDistanceFieldShadowsAndLQLightMapPolicy0MM_DefaultfalseCSM.frag, Mali-G78 r1p1,32,84,FALSE,0,4.43,0.84,1.69,0,2.12,2.75,   FMA,3.27,0.53,1.25,0,2.12,2.75,   FMA,4.43,0.84,1.69,0,2.12,2.75,   FMA,TRUE,FALSE,FALSE,FALSE,FALSE,FALSE
151,,M_asphalt07_wet,MidQuality,TMobileBasePassPSFMobileDistanceFieldShadowsAndLQLightMapPolicy0MM_DefaultfalseNoCSM.frag, Mali-G78 r1p1,32,84,FALSE,0,4.43,0.84,1.69,0,2.12,2.75,   FMA,3.27,0.53,1.25,0,2.12,2.75,   FMA,4.43,0.84,1.69,0,2.12,2.75,   FMA,TRUE,FALSE,FALSE,FALSE,FALSE,FALSE
152,,M_asphalt07_wet,UltraQuality,TMobileBasePassPSFMobileDirectionalLightAndSHIndirectPolicy0MM_DefaultfalseCSM.frag, Mali-G78 r1p1,64,90,FALSE,0,4.89,0.99,1.69,0,2.12,3.5,   FMA,3.74,0.66,1.25,0,2.12,3.5,   FMA,4.89,0.99,1.69,0,2.12,3.5,   FMA,TRUE,FALSE,FALSE,FALSE,FALSE,FALSE
153,,M_asphalt07_wet,UltraQuality,TMobileBasePassPSFMobileDirectionalLightAndSHIndirectPolicy0MM_DefaultfalseNoCSM.frag, Mali-G78 r1p1,64,90,FALSE,0,4.89,0.99,1.69,0,2.12,3.5,   FMA,3.74,0.66,1.25,0,2.12,3.5,   FMA,4.89,0.99,1.69,0,2.12,3.5,   FMA,TRUE,FALSE,FALSE,FALSE,FALSE,FALSE
154,,M_asphalt07_wet,UltraQuality,TMobileBasePassPSFMobileDirectionalLightAndVPIndirect3PPVPolicy0MM_DefaultfalseCSM.frag, Mali-G78 r1p1,64,90,FALSE,0,4.89,0.99,1.69,0,2.12,3.5,   FMA,3.74,0.66,1.25,0,2.12,3.5,   FMA,4.89,0.99,1.69,0,2.12,3.5,   FMA,TRUE,FALSE,FALSE,FALSE,FALSE,FALSE
155,,M_asphalt07_wet,UltraQuality,TMobileBasePassPSFMobileDirectionalLightAndVPIndirect3PPVPolicy0MM_DefaultfalseNoCSM.frag, Mali-G78 r1p1,64,90,FALSE,0,4.89,0.99,1.69,0,2.12,3.5,   FMA,3.74,0.66,1.25,0,2.12,3.5,   FMA,4.89,0.99,1.69,0,2.12,3.5,   FMA,TRUE,FALSE,FALSE,FALSE,FALSE,FALSE
156,,M_asphalt07_wet,UltraQuality,TMobileBasePassPSFMobileDistanceFieldShadowsAndLQLightMapPolicy0MM_DefaultfalseCSM.frag, Mali-G78 r1p1,64,90,FALSE,0,4.89,0.99,1.69,0,2.12,3.5,   FMA,3.74,0.66,1.25,0,2.12,3.5,   FMA,4.89,0.99,1.69,0,2.12,3.5,   FMA,TRUE,FALSE,FALSE,FALSE,FALSE,FALSE
157,,M_asphalt07_wet,UltraQuality,TMobileBasePassPSFMobileDistanceFieldShadowsAndLQLightMapPolicy0MM_DefaultfalseNoCSM.frag, Mali-G78 r1p1,64,90,FALSE,0,4.89,0.99,1.69,0,2.12,3.5,   FMA,3.74,0.66,1.25,0,2.12,3.5,   FMA,4.89,0.99,1.69,0,2.12,3.5,   FMA,TRUE,FALSE,FALSE,FALSE,FALSE,FALSE
158,,M_BasePanner,HighQuality,TMobileBasePassPSFMobileDirectionalLightAndSHIndirectPolicy0MM_DefaultfalseCSM.frag, Mali-G78 r1p1,26,38,FALSE,60,1.25,0.47,0.44,0,0.75,0.5,   FMA,0.25,0.19,0,0,0.5,0.5,  V& T,1.25,0.47,0.44,0,0.75,0.5,   FMA,TRUE,FALSE,FALSE,FALSE,FALSE,FALSE
159,,M_BasePanner,HighQuality,TMobileBasePassPSFMobileDirectionalLightAndSHIndirectPolicy0MM_DefaultfalseNoCSM.frag, Mali-G78 r1p1,26,38,FALSE,60,1.25,0.47,0.44,0,0.75,0.5,   FMA,0.25,0.19,0,0,0.5,0.5,  V& T,1.25,0.47,0.44,0,0.75,0.5,   FMA,TRUE,FALSE,FALSE,FALSE,FALSE,FALSE
160,,M_BasePanner,HighQuality,TMobileBasePassPSFMobileDirectionalLightAndVPIndirect3PPVPolicy0MM_DefaultfalseCSM.frag, Mali-G78 r1p1,26,38,FALSE,60,1.25,0.47,0.44,0,0.75,0.5,   FMA,0.25,0.19,0,0,0.5,0.5,  V& T,1.25,0.47,0.44,0,0.75,0.5,   FMA,TRUE,FALSE,FALSE,FALSE,FALSE,FALSE
161,,M_BasePanner,HighQuality,TMobileBasePassPSFMobileDirectionalLightAndVPIndirect3PPVPolicy0MM_DefaultfalseNoCSM.frag, Mali-G78 r1p1,26,38,FALSE,60,1.25,0.47,0.44,0,0.75,0.5,   FMA,0.25,0.19,0,0,0.5,0.5,  V& T,1.25,0.47,0.44,0,0.75,0.5,   FMA,TRUE,FALSE,FALSE,FALSE,FALSE,FALSE
162,,M_BasePanner,HighQuality,TMobileBasePassPSFMobileDistanceFieldShadowsAndLQLightMapPolicy0MM_DefaultfalseCSM.frag, Mali-G78 r1p1,26,38,FALSE,60,1.25,0.47,0.44,0,0.75,0.5,   FMA,0.25,0.19,0,0,0.5,0.5,  V& T,1.25,0.47,0.44,0,0.75,0.5,   FMA,TRUE,FALSE,FALSE,FALSE,FALSE,FALSE
163,,M_BasePanner,HighQuality,TMobileBasePassPSFMobileDistanceFieldShadowsAndLQLightMapPolicy0MM_DefaultfalseNoCSM.frag, Mali-G78 r1p1,26,38,FALSE,60,1.25,0.47,0.44,0,0.75,0.5,   FMA,0.25,0.19,0,0,0.5,0.5,  V& T,1.25,0.47,0.44,0,0.75,0.5,   FMA,TRUE,FALSE,FALSE,FALSE,FALSE,FALSE
164,,M_BasePanner,LowQuality,TMobileBasePassPSFMobileDirectionalLightAndSHIndirectPolicy0MM_DefaultfalseNoCSM.frag, Mali-G78 r1p1,22,32,FALSE,33,0.71,0.41,0.25,0,0.75,0.5,     V,0.28,0.25,0.19,0,0.5,0.5,  V& T,0.71,0.41,0.25,0,0.75,0.5,     V,TRUE,FALSE,FALSE,FALSE,FALSE,FALSE
165,,M_BasePanner,LowQuality,TMobileBasePassPSFMobileDirectionalLightAndVPIndirect3PPVPolicy0MM_DefaultfalseNoCSM.frag, Mali-G78 r1p1,22,32,FALSE,33,0.71,0.41,0.25,0,0.75,0.5,     V,0.28,0.25,0.19,0,0.5,0.5,  V& T,0.71,0.41,0.25,0,0.75,0.5,     V,TRUE,FALSE,FALSE,FALSE,FALSE,FALSE
166,,M_BasePanner,LowQuality,TMobileBasePassPSFMobileDistanceFieldShadowsAndLQLightMapPolicy0MM_DefaultfalseNoCSM.frag, Mali-G78 r1p1,22,32,FALSE,33,0.71,0.41,0.25,0,0.75,0.5,     V,0.28,0.25,0.19,0,0.5,0.5,  V& T,0.71,0.41,0.25,0,0.75,0.5,     V,TRUE,FALSE,FALSE,FALSE,FALSE,FALSE
167,,M_BasePanner,MidQuality,TMobileBasePassPSFMobileDirectionalLightAndSHIndirectPolicy0MM_DefaultfalseCSM.frag, Mali-G78 r1p1,26,38,FALSE,60,1.25,0.47,0.44,0,0.75,0.5,   FMA,0.25,0.19,0,0,0.5,0.5,  V& T,1.25,0.47,0.44,0,0.75,0.5,   FMA,TRUE,FALSE,FALSE,FALSE,FALSE,FALSE
168,,M_BasePanner,MidQuality,TMobileBasePassPSFMobileDirectionalLightAndSHIndirectPolicy0MM_DefaultfalseNoCSM.frag, Mali-G78 r1p1,26,38,FALSE,60,1.25,0.47,0.44,0,0.75,0.5,   FMA,0.25,0.19,0,0,0.5,0.5,  V& T,1.25,0.47,0.44,0,0.75,0.5,   FMA,TRUE,FALSE,FALSE,FALSE,FALSE,FALSE
169,,M_BasePanner,MidQuality,TMobileBasePassPSFMobileDirectionalLightAndVPIndirect3PPVPolicy0MM_DefaultfalseCSM.frag, Mali-G78 r1p1,26,38,FALSE,60,1.25,0.47,0.44,0,0.75,0.5,   FMA,0.25,0.19,0,0,0.5,0.5,  V& T,1.25,0.47,0.44,0,0.75,0.5,   FMA,TRUE,FALSE,FALSE,FALSE,FALSE,FALSE
170,,M_BasePanner,MidQuality,TMobileBasePassPSFMobileDirectionalLightAndVPIndirect3PPVPolicy0MM_DefaultfalseNoCSM.frag, Mali-G78 r1p1,26,38,FALSE,60,1.25,0.47,0.44,0,0.75,0.5,   FMA,0.25,0.19,0,0,0.5,0.5,  V& T,1.25,0.47,0.44,0,0.75,0.5,   FMA,TRUE,FALSE,FALSE,FALSE,FALSE,FALSE
171,,M_BasePanner,MidQuality,TMobileBasePassPSFMobileDistanceFieldShadowsAndLQLightMapPolicy0MM_DefaultfalseCSM.frag, Mali-G78 r1p1,26,38,FALSE,60,1.25,0.47,0.44,0,0.75,0.5,   FMA,0.25,0.19,0,0,0.5,0.5,  V& T,1.25,0.47,0.44,0,0.75,0.5,   FMA,TRUE,FALSE,FALSE,FALSE,FALSE,FALSE
172,,M_BasePanner,MidQuality,TMobileBasePassPSFMobileDistanceFieldShadowsAndLQLightMapPolicy0MM_DefaultfalseNoCSM.frag, Mali-G78 r1p1,26,38,FALSE,60,1.25,0.47,0.44,0,0.75,0.5,   FMA,0.25,0.19,0,0,0.5,0.5,  V& T,1.25,0.47,0.44,0,0.75,0.5,   FMA,TRUE,FALSE,FALSE,FALSE,FALSE,FALSE
173,,M_BasePanner,UltraQuality,TMobileBasePassPSFMobileDirectionalLightAndSHIndirectPolicy0MM_DefaultfalseCSM.frag, Mali-G78 r1p1,26,48,FALSE,48,1.53,0.59,0.44,0,0.75,0.5,   FMA,0.53,0.28,0,0,0.75,0.5,     V,1.53,0.59,0.44,0,0.75,0.5,   FMA,TRUE,FALSE,FALSE,FALSE,FALSE,FALSE
174,,M_BasePanner,UltraQuality,TMobileBasePassPSFMobileDirectionalLightAndSHIndirectPolicy0MM_DefaultfalseNoCSM.frag, Mali-G78 r1p1,26,48,FALSE,48,1.53,0.59,0.44,0,0.75,0.5,   FMA,0.53,0.28,0,0,0.75,0.5,     V,1.53,0.59,0.44,0,0.75,0.5,   FMA,TRUE,FALSE,FALSE,FALSE,FALSE,FALSE
175,,M_BasePanner,UltraQuality,TMobileBasePassPSFMobileDirectionalLightAndVPIndirect3PPVPolicy0MM_DefaultfalseCSM.frag, Mali-G78 r1p1,26,48,FALSE,48,1.53,0.59,0.44,0,0.75,0.5,   FMA,0.53,0.28,0,0,0.75,0.5,     V,1.53,0.59,0.44,0,0.75,0.5,   FMA,TRUE,FALSE,FALSE,FALSE,FALSE,FALSE
176,,M_BasePanner,UltraQuality,TMobileBasePassPSFMobileDirectionalLightAndVPIndirect3PPVPolicy0MM_DefaultfalseNoCSM.frag, Mali-G78 r1p1,26,48,FALSE,48,1.53,0.59,0.44,0,0.75,0.5,   FMA,0.53,0.28,0,0,0.75,0.5,     V,1.53,0.59,0.44,0,0.75,0.5,   FMA,TRUE,FALSE,FALSE,FALSE,FALSE,FALSE
177,,M_BasePanner,UltraQuality,TMobileBasePassPSFMobileDistanceFieldShadowsAndLQLightMapPolicy0MM_DefaultfalseCSM.frag, Mali-G78 r1p1,26,48,FALSE,48,1.53,0.59,0.44,0,0.75,0.5,   FMA,0.53,0.28,0,0,0.75,0.5,     V,1.53,0.59,0.44,0,0.75,0.5,   FMA,TRUE,FALSE,FALSE,FALSE,FALSE,FALSE
178,,M_BasePanner,UltraQuality,TMobileBasePassPSFMobileDistanceFieldShadowsAndLQLightMapPolicy0MM_DefaultfalseNoCSM.frag, Mali-G78 r1p1,26,48,FALSE,48,1.53,0.59,0.44,0,0.75,0.5,   FMA,0.53,0.28,0,0,0.75,0.5,     V,1.53,0.59,0.44,0,0.75,0.5,   FMA,TRUE,FALSE,FALSE,FALSE,FALSE,FALSE
179,,M_BasePanner_2,HighQuality,TMobileBasePassPSFMobileDirectionalLightAndSHIndirectPolicy0MM_DefaultfalseCSM.frag, Mali-G78 r1p1,32,70,FALSE,37,2.92,0.83,1.38,0,1.5,2.75,   FMA,2.17,0.61,1,0,1.5,2.75,     T,2.92,0.83,1.38,0,1.5,2.75,   FMA,TRUE,FALSE,FALSE,FALSE,FALSE,FALSE
180,,M_BasePanner_2,HighQuality,TMobileBasePassPSFMobileDirectionalLightAndSHIndirectPolicy0MM_DefaultfalseNoCSM.frag, Mali-G78 r1p1,32,70,FALSE,37,2.92,0.83,1.38,0,1.5,2.75,   FMA,2.17,0.61,1,0,1.5,2.75,     T,2.92,0.83,1.38,0,1.5,2.75,   FMA,TRUE,FALSE,FALSE,FALSE,FALSE,FALSE
181,,M_BasePanner_2,HighQuality,TMobileBasePassPSFMobileDirectionalLightAndVPIndirect3PPVPolicy0MM_DefaultfalseCSM.frag, Mali-G78 r1p1,32,70,FALSE,37,2.92,0.83,1.38,0,1.5,2.75,   FMA,2.17,0.61,1,0,1.5,2.75,     T,2.92,0.83,1.38,0,1.5,2.75,   FMA,TRUE,FALSE,FALSE,FALSE,FALSE,FALSE
182,,M_BasePanner_2,HighQuality,TMobileBasePassPSFMobileDirectionalLightAndVPIndirect3PPVPolicy0MM_DefaultfalseNoCSM.frag, Mali-G78 r1p1,32,70,FALSE,37,2.92,0.83,1.38,0,1.5,2.75,   FMA,2.17,0.61,1,0,1.5,2.75,     T,2.92,0.83,1.38,0,1.5,2.75,   FMA,TRUE,FALSE,FALSE,FALSE,FALSE,FALSE
183,,M_BasePanner_2,HighQuality,TMobileBasePassPSFMobileDistanceFieldShadowsAndLQLightMapPolicy0MM_DefaultfalseCSM.frag, Mali-G78 r1p1,32,70,FALSE,37,2.92,0.83,1.38,0,1.5,2.75,   FMA,2.17,0.61,1,0,1.5,2.75,     T,2.92,0.83,1.38,0,1.5,2.75,   FMA,TRUE,FALSE,FALSE,FALSE,FALSE,FALSE
184,,M_BasePanner_2,HighQuality,TMobileBasePassPSFMobileDistanceFieldShadowsAndLQLightMapPolicy0MM_DefaultfalseNoCSM.frag, Mali-G78 r1p1,32,70,FALSE,37,2.92,0.83,1.38,0,1.5,2.75,   FMA,2.17,0.61,1,0,1.5,2.75,     T,2.92,0.83,1.38,0,1.5,2.75,   FMA,TRUE,FALSE,FALSE,FALSE,FALSE,FALSE
185,,M_BasePanner_2,LowQuality,TMobileBasePassPSFMobileDirectionalLightAndSHIndirectPolicy0MM_DefaultfalseNoCSM.frag, Mali-G78 r1p1,22,26,FALSE,55,0.42,0.28,0.19,0,0.5,0.5,  V& T,0.28,0.22,0.19,0,0.5,0.5,  V& T,0.42,0.28,0.19,0,0.5,0.5,  V& T,TRUE,FALSE,FALSE,FALSE,FALSE,FALSE
186,,M_BasePanner_2,LowQuality,TMobileBasePassPSFMobileDirectionalLightAndVPIndirect3PPVPolicy0MM_DefaultfalseNoCSM.frag, Mali-G78 r1p1,22,26,FALSE,55,0.42,0.28,0.19,0,0.5,0.5,  V& T,0.28,0.22,0.19,0,0.5,0.5,  V& T,0.42,0.28,0.19,0,0.5,0.5,  V& T,TRUE,FALSE,FALSE,FALSE,FALSE,FALSE
187,,M_BasePanner_2,LowQuality,TMobileBasePassPSFMobileDistanceFieldShadowsAndLQLightMapPolicy0MM_DefaultfalseNoCSM.frag, Mali-G78 r1p1,22,26,FALSE,55,0.42,0.28,0.19,0,0.5,0.5,  V& T,0.28,0.22,0.19,0,0.5,0.5,  V& T,0.42,0.28,0.19,0,0.5,0.5,  V& T,TRUE,FALSE,FALSE,FALSE,FALSE,FALSE
188,,M_BasePanner_2,MidQuality,TMobileBasePassPSFMobileDirectionalLightAndSHIndirectPolicy0MM_DefaultfalseCSM.frag, Mali-G78 r1p1,32,70,FALSE,39,2.77,0.8,1.38,0,1.5,2,   FMA,2.02,0.58,1,0,1.5,2,   FMA,2.77,0.8,1.38,0,1.5,2,   FMA,TRUE,FALSE,FALSE,FALSE,FALSE,FALSE
189,,M_BasePanner_2,MidQuality,TMobileBasePassPSFMobileDirectionalLightAndSHIndirectPolicy0MM_DefaultfalseNoCSM.frag, Mali-G78 r1p1,32,70,FALSE,39,2.77,0.8,1.38,0,1.5,2,   FMA,2.02,0.58,1,0,1.5,2,   FMA,2.77,0.8,1.38,0,1.5,2,   FMA,TRUE,FALSE,FALSE,FALSE,FALSE,FALSE
190,,M_BasePanner_2,MidQuality,TMobileBasePassPSFMobileDirectionalLightAndVPIndirect3PPVPolicy0MM_DefaultfalseCSM.frag, Mali-G78 r1p1,32,70,FALSE,39,2.77,0.8,1.38,0,1.5,2,   FMA,2.02,0.58,1,0,1.5,2,   FMA,2.77,0.8,1.38,0,1.5,2,   FMA,TRUE,FALSE,FALSE,FALSE,FALSE,FALSE
191,,M_BasePanner_2,MidQuality,TMobileBasePassPSFMobileDirectionalLightAndVPIndirect3PPVPolicy0MM_DefaultfalseNoCSM.frag, Mali-G78 r1p1,32,70,FALSE,39,2.77,0.8,1.38,0,1.5,2,   FMA,2.02,0.58,1,0,1.5,2,   FMA,2.77,0.8,1.38,0,1.5,2,   FMA,TRUE,FALSE,FALSE,FALSE,FALSE,FALSE
192,,M_BasePanner_2,MidQuality,TMobileBasePassPSFMobileDistanceFieldShadowsAndLQLightMapPolicy0MM_DefaultfalseCSM.frag, Mali-G78 r1p1,32,70,FALSE,39,2.77,0.8,1.38,0,1.5,2,   FMA,2.02,0.58,1,0,1.5,2,   FMA,2.77,0.8,1.38,0,1.5,2,   FMA,TRUE,FALSE,FALSE,FALSE,FALSE,FALSE
193,,M_BasePanner_2,MidQuality,TMobileBasePassPSFMobileDistanceFieldShadowsAndLQLightMapPolicy0MM_DefaultfalseNoCSM.frag, Mali-G78 r1p1,32,70,FALSE,39,2.77,0.8,1.38,0,1.5,2,   FMA,2.02,0.58,1,0,1.5,2,   FMA,2.77,0.8,1.38,0,1.5,2,   FMA,TRUE,FALSE,FALSE,FALSE,FALSE,FALSE
194,,M_BasePanner_2,UltraQuality,TMobileBasePassPSFMobileDirectionalLightAndSHIndirectPolicy0MM_DefaultfalseCSM.frag, Mali-G78 r1p1,32,70,FALSE,37,2.92,0.83,1.38,0,1.5,2.75,   FMA,2.17,0.61,1,0,1.5,2.75,     T,2.92,0.83,1.38,0,1.5,2.75,   FMA,TRUE,FALSE,FALSE,FALSE,FALSE,FALSE
195,,M_BasePanner_2,UltraQuality,TMobileBasePassPSFMobileDirectionalLightAndSHIndirectPolicy0MM_DefaultfalseNoCSM.frag, Mali-G78 r1p1,32,70,FALSE,37,2.92,0.83,1.38,0,1.5,2.75,   FMA,2.17,0.61,1,0,1.5,2.75,     T,2.92,0.83,1.38,0,1.5,2.75,   FMA,TRUE,FALSE,FALSE,FALSE,FALSE,FALSE
196,,M_BasePanner_2,UltraQuality,TMobileBasePassPSFMobileDirectionalLightAndVPIndirect3PPVPolicy0MM_DefaultfalseCSM.frag, Mali-G78 r1p1,32,70,FALSE,37,2.92,0.83,1.38,0,1.5,2.75,   FMA,2.17,0.61,1,0,1.5,2.75,     T,2.92,0.83,1.38,0,1.5,2.75,   FMA,TRUE,FALSE,FALSE,FALSE,FALSE,FALSE
197,,M_BasePanner_2,UltraQuality,TMobileBasePassPSFMobileDirectionalLightAndVPIndirect3PPVPolicy0MM_DefaultfalseNoCSM.frag, Mali-G78 r1p1,32,70,FALSE,37,2.92,0.83,1.38,0,1.5,2.75,   FMA,2.17,0.61,1,0,1.5,2.75,     T,2.92,0.83,1.38,0,1.5,2.75,   FMA,TRUE,FALSE,FALSE,FALSE,FALSE,FALSE
198,,M_BasePanner_2,UltraQuality,TMobileBasePassPSFMobileDistanceFieldShadowsAndLQLightMapPolicy0MM_DefaultfalseCSM.frag, Mali-G78 r1p1,32,70,FALSE,37,2.92,0.83,1.38,0,1.5,2.75,   FMA,2.17,0.61,1,0,1.5,2.75,     T,2.92,0.83,1.38,0,1.5,2.75,   FMA,TRUE,FALSE,FALSE,FALSE,FALSE,FALSE
199,,M_BasePanner_2,UltraQuality,TMobileBasePassPSFMobileDistanceFieldShadowsAndLQLightMapPolicy0MM_DefaultfalseNoCSM.frag, Mali-G78 r1p1,32,70,FALSE,37,2.92,0.83,1.38,0,1.5,2.75,   FMA,2.17,0.61,1,0,1.5,2.75,     T,2.92,0.83,1.38,0,1.5,2.75,   FMA,TRUE,FALSE,FALSE,FALSE,FALSE,FALSE
200,,M_BillboardBranch,HighQuality,FDepthOnlyPS.frag, Mali-G78 r1p1,26,38,FALSE,57,1.53,0.48,0.62,0,1.12,0.5,   FMA,0.53,0.22,0.19,0,0.88,0.5,     V,1.53,0.48,0.62,0,1.12,0.5,   FMA,TRUE,FALSE,FALSE,FALSE,FALSE,FALSE
201,,M_BillboardBranch,HighQuality,TMobileBasePassPSFNoLightMapPolicy0MM_AlphaToCoveragefalseNoCSM.frag, Mali-G78 r1p1,26,38,FALSE,57,1.53,0.48,0.62,0,1.12,0.5,   FMA,0.53,0.22,0.19,0,0.88,0.5,     V,1.53,0.48,0.62,0,1.12,0.5,   FMA,TRUE,FALSE,FALSE,FALSE,FALSE,FALSE
202,,M_BillboardBranch,HighQuality,TMobileBasePassPSFNoLightMapPolicy0MM_DefaultfalseNoCSM.frag, Mali-G78 r1p1,26,38,FALSE,57,1.53,0.48,0.62,0,1.12,0.5,   FMA,0.53,0.22,0.19,0,0.88,0.5,     V,1.53,0.48,0.62,0,1.12,0.5,   FMA,TRUE,FALSE,FALSE,FALSE,FALSE,FALSE
203,,M_BillboardBranch,LowQuality,FDepthOnlyPS.frag, Mali-G78 r1p1,24,32,FALSE,36,0.99,0.47,0.44,0,1.12,0.5,     V,0.56,0.33,0.38,0,0.88,0.5,     V,0.99,0.47,0.44,0,1.12,0.5,     V,TRUE,FALSE,FALSE,FALSE,FALSE,FALSE
204,,M_BillboardBranch,LowQuality,TMobileBasePassPSFNoLightMapPolicy0MM_AlphaToCoveragefalseNoCSM.frag, Mali-G78 r1p1,24,32,FALSE,36,0.99,0.47,0.44,0,1.12,0.5,     V,0.56,0.33,0.38,0,0.88,0.5,     V,0.99,0.47,0.44,0,1.12,0.5,     V,TRUE,FALSE,FALSE,FALSE,FALSE,FALSE
205,,M_BillboardBranch,LowQuality,TMobileBasePassPSFNoLightMapPolicy0MM_DefaultfalseNoCSM.frag, Mali-G78 r1p1,24,32,FALSE,36,0.99,0.47,0.44,0,1.12,0.5,     V,0.56,0.33,0.38,0,0.88,0.5,     V,0.99,0.47,0.44,0,1.12,0.5,     V,TRUE,FALSE,FALSE,FALSE,FALSE,FALSE
206,,M_BillboardBranch,MidQuality,FDepthOnlyPS.frag, Mali-G78 r1p1,26,38,FALSE,57,1.53,0.48,0.62,0,1.12,0.5,   FMA,0.53,0.22,0.19,0,0.88,0.5,     V,1.53,0.48,0.62,0,1.12,0.5,   FMA,TRUE,FALSE,FALSE,FALSE,FALSE,FALSE
207,,M_BillboardBranch,MidQuality,TMobileBasePassPSFNoLightMapPolicy0MM_AlphaToCoveragefalseNoCSM.frag, Mali-G78 r1p1,26,38,FALSE,57,1.53,0.48,0.62,0,1.12,0.5,   FMA,0.53,0.22,0.19,0,0.88,0.5,     V,1.53,0.48,0.62,0,1.12,0.5,   FMA,TRUE,FALSE,FALSE,FALSE,FALSE,FALSE
208,,M_BillboardBranch,MidQuality,TMobileBasePassPSFNoLightMapPolicy0MM_DefaultfalseNoCSM.frag, Mali-G78 r1p1,26,38,FALSE,57,1.53,0.48,0.62,0,1.12,0.5,   FMA,0.53,0.22,0.19,0,0.88,0.5,     V,1.53,0.48,0.62,0,1.12,0.5,   FMA,TRUE,FALSE,FALSE,FALSE,FALSE,FALSE
209,,M_BillboardBranch,UltraQuality,FDepthOnlyPS.frag, Mali-G78 r1p1,27,46,FALSE,47,1.81,0.64,0.62,0,1.12,0.5,   FMA,0.81,0.34,0.19,0,1.12,0.5,     V,1.81,0.64,0.62,0,1.12,0.5,   FMA,TRUE,FALSE,FALSE,FALSE,FALSE,FALSE
210,,M_BillboardBranch,UltraQuality,TMobileBasePassPSFNoLightMapPolicy0MM_AlphaToCoveragefalseNoCSM.frag, Mali-G78 r1p1,27,46,FALSE,47,1.81,0.64,0.62,0,1.12,0.5,   FMA,0.81,0.34,0.19,0,1.12,0.5,     V,1.81,0.64,0.62,0,1.12,0.5,   FMA,TRUE,FALSE,FALSE,FALSE,FALSE,FALSE
211,,M_BillboardBranch,UltraQuality,TMobileBasePassPSFNoLightMapPolicy0MM_DefaultfalseNoCSM.frag, Mali-G78 r1p1,27,46,FALSE,47,1.81,0.64,0.62,0,1.12,0.5,   FMA,0.81,0.34,0.19,0,1.12,0.5,     V,1.81,0.64,0.62,0,1.12,0.5,   FMA,TRUE,FALSE,FALSE,FALSE,FALSE,FALSE
212,,M_Billboard_Grass,HighQuality,TMobileBasePassPSFNoLightMapPolicy0MM_AlphaToCoveragefalseNoCSM.frag, Mali-G78 r1p1,27,50,FALSE,68,1.8,0.42,0.69,0,1.25,0.5,   FMA,0.8,0.16,0.25,0,1.25,0.5,     V,1.8,0.42,0.69,0,1.25,0.5,   FMA,TRUE,FALSE,FALSE,FALSE,FALSE,FALSE
213,,M_Billboard_Grass,HighQuality,TMobileBasePassPSFNoLightMapPolicy0MM_DefaultfalseNoCSM.frag, Mali-G78 r1p1,27,50,FALSE,68,1.8,0.42,0.69,0,1.25,0.5,   FMA,0.8,0.16,0.25,0,1.25,0.5,     V,1.8,0.42,0.69,0,1.25,0.5,   FMA,TRUE,FALSE,FALSE,FALSE,FALSE,FALSE
214,,M_Billboard_Grass,LowQuality,TMobileBasePassPSFNoLightMapPolicy0MM_AlphaToCoveragefalseNoCSM.frag, Mali-G78 r1p1,27,44,FALSE,55,1.25,0.39,0.5,0,1.25,0.5,FMA& V,0.83,0.25,0.44,0,1.25,0.5,     V,1.25,0.39,0.5,0,1.25,0.5,FMA& V,TRUE,FALSE,FALSE,FALSE,FALSE,FALSE
215,,M_Billboard_Grass,LowQuality,TMobileBasePassPSFNoLightMapPolicy0MM_DefaultfalseNoCSM.frag, Mali-G78 r1p1,27,44,FALSE,55,1.25,0.39,0.5,0,1.25,0.5,FMA& V,0.83,0.25,0.44,0,1.25,0.5,     V,1.25,0.39,0.5,0,1.25,0.5,FMA& V,TRUE,FALSE,FALSE,FALSE,FALSE,FALSE
216,,M_Billboard_Grass,MidQuality,TMobileBasePassPSFNoLightMapPolicy0MM_AlphaToCoveragefalseNoCSM.frag, Mali-G78 r1p1,27,50,FALSE,68,1.8,0.42,0.69,0,1.25,0.5,   FMA,0.8,0.16,0.25,0,1.25,0.5,     V,1.8,0.42,0.69,0,1.25,0.5,   FMA,TRUE,FALSE,FALSE,FALSE,FALSE,FALSE
217,,M_Billboard_Grass,MidQuality,TMobileBasePassPSFNoLightMapPolicy0MM_DefaultfalseNoCSM.frag, Mali-G78 r1p1,27,50,FALSE,68,1.8,0.42,0.69,0,1.25,0.5,   FMA,0.8,0.16,0.25,0,1.25,0.5,     V,1.8,0.42,0.69,0,1.25,0.5,   FMA,TRUE,FALSE,FALSE,FALSE,FALSE,FALSE
218,,M_Billboard_Grass,UltraQuality,TMobileBasePassPSFNoLightMapPolicy0MM_AlphaToCoveragefalseNoCSM.frag, Mali-G78 r1p1,29,62,FALSE,48,2.08,0.58,0.69,0,1.25,0.5,   FMA,1.08,0.3,0.25,0,1.25,0.5,     V,2.08,0.58,0.69,0,1.25,0.5,   FMA,TRUE,FALSE,FALSE,FALSE,FALSE,FALSE
219,,M_Billboard_Grass,UltraQuality,TMobileBasePassPSFNoLightMapPolicy0MM_DefaultfalseNoCSM.frag, Mali-G78 r1p1,29,62,FALSE,48,2.08,0.58,0.69,0,1.25,0.5,   FMA,1.08,0.3,0.25,0,1.25,0.5,     V,2.08,0.58,0.69,0,1.25,0.5,   FMA,TRUE,FALSE,FALSE,FALSE,FALSE,FALSE
220,,M_BlockWall,HighQuality,TMobileBasePassPSFNoLightMapPolicy0MM_DefaultfalseNoCSM.frag, Mali-G78 r1p1,22,18,FALSE,66,0.81,0.22,0.12,0,0.62,0.5,   FMA,0.28,0.16,0.12,0,0.62,0.5,     V,0.81,0.22,0.12,0,0.62,0.5,   FMA,TRUE,FALSE,FALSE,FALSE,FALSE,FALSE
221,,M_BlockWall,HighQuality,TMobileBasePassVSFNoLightMapPolicyNoCSM.frag, Mali-G78 r1p1,22,18,FALSE,66,0.81,0.22,0.12,0,0.62,0.5,   FMA,0.28,0.16,0.12,0,0.62,0.5,     V,0.81,0.22,0.12,0,0.62,0.5,   FMA,TRUE,FALSE,FALSE,FALSE,FALSE,FALSE
222,,M_BlockWall,LowQuality,TMobileBasePassPSFNoLightMapPolicy0MM_DefaultfalseNoCSM.frag, Mali-G78 r1p1,21,16,FALSE,35,0.42,0.14,0.12,0,0.62,0.5,     V,0.28,0.09,0.12,0,0.62,0.5,     V,0.42,0.14,0.12,0,0.62,0.5,     V,TRUE,FALSE,FALSE,FALSE,FALSE,FALSE
223,,M_BlockWall,LowQuality,TMobileBasePassVSFNoLightMapPolicyNoCSM.frag, Mali-G78 r1p1,21,16,FALSE,35,0.42,0.14,0.12,0,0.62,0.5,     V,0.28,0.09,0.12,0,0.62,0.5,     V,0.42,0.14,0.12,0,0.62,0.5,     V,TRUE,FALSE,FALSE,FALSE,FALSE,FALSE
224,,M_BlockWall,MidQuality,TMobileBasePassPSFNoLightMapPolicy0MM_DefaultfalseNoCSM.frag, Mali-G78 r1p1,22,18,FALSE,66,0.81,0.22,0.12,0,0.62,0.5,   FMA,0.28,0.16,0.12,0,0.62,0.5,     V,0.81,0.22,0.12,0,0.62,0.5,   FMA,TRUE,FALSE,FALSE,FALSE,FALSE,FALSE
225,,M_BlockWall,MidQuality,TMobileBasePassVSFNoLightMapPolicyNoCSM.frag, Mali-G78 r1p1,22,18,FALSE,66,0.81,0.22,0.12,0,0.62,0.5,   FMA,0.28,0.16,0.12,0,0.62,0.5,     V,0.81,0.22,0.12,0,0.62,0.5,   FMA,TRUE,FALSE,FALSE,FALSE,FALSE,FALSE
226,,M_BlockWall,UltraQuality,TMobileBasePassPSFNoLightMapPolicy0MM_DefaultfalseNoCSM.frag, Mali-G78 r1p1,22,18,FALSE,66,0.81,0.22,0.12,0,0.62,0.5,   FMA,0.28,0.16,0.12,0,0.62,0.5,     V,0.81,0.22,0.12,0,0.62,0.5,   FMA,TRUE,FALSE,FALSE,FALSE,FALSE,FALSE
227,,M_BlockWall,UltraQuality,TMobileBasePassVSFNoLightMapPolicyNoCSM.frag, Mali-G78 r1p1,22,18,FALSE,66,0.81,0.22,0.12,0,0.62,0.5,   FMA,0.28,0.16,0.12,0,0.62,0.5,     V,0.81,0.22,0.12,0,0.62,0.5,   FMA,TRUE,FALSE,FALSE,FALSE,FALSE,FALSE
228,,M_Bloodhound_01,HighQuality,.frag, Mali-G78 r1p1,30,34,FALSE,0,0.94,0.27,0.38,0,1.5,0.75,     V,0.8,0.23,0.38,0,1.5,0.75,     V,0.94,0.27,0.38,0,1.5,0.75,     V,TRUE,FALSE,FALSE,FALSE,FALSE,FALSE
229,,M_Bloodhound_01,HighQuality,TMobileBasePassPSFNoLightMapPolicy0MM_DefaultfalseNoCSM.frag, Mali-G78 r1p1,32,40,FALSE,0,1.36,0.28,0.38,0,1.5,0.75,     V,0.8,0.25,0.38,0,1.5,0.75,     V,1.36,0.28,0.38,0,1.5,0.75,     V,TRUE,FALSE,FALSE,FALSE,FALSE,FALSE
230,,M_Bloodhound_01,HighQuality,TMobileBasePassVSFNoLightMapPolicyNoCSM.frag, Mali-G78 r1p1,32,40,FALSE,0,1.36,0.28,0.38,0,1.5,0.75,     V,0.8,0.25,0.38,0,1.5,0.75,     V,1.36,0.28,0.38,0,1.5,0.75,     V,TRUE,FALSE,FALSE,FALSE,FALSE,FALSE
231,,M_Bloodhound_01,LowQuality,.frag, Mali-G78 r1p1,30,34,FALSE,0,0.94,0.27,0.38,0,1.5,0.75,     V,0.8,0.23,0.38,0,1.5,0.75,     V,0.94,0.27,0.38,0,1.5,0.75,     V,TRUE,FALSE,FALSE,FALSE,FALSE,FALSE
232,,M_Bloodhound_01,LowQuality,TMobileBasePassPSFNoLightMapPolicy0MM_DefaultfalseNoCSM.frag, Mali-G78 r1p1,30,34,FALSE,0,0.94,0.27,0.38,0,1.5,0.75,     V,0.8,0.23,0.38,0,1.5,0.75,     V,0.94,0.27,0.38,0,1.5,0.75,     V,TRUE,FALSE,FALSE,FALSE,FALSE,FALSE
233,,M_Bloodhound_01,MidQuality,.frag, Mali-G78 r1p1,30,34,FALSE,0,0.94,0.27,0.38,0,1.5,0.75,     V,0.8,0.23,0.38,0,1.5,0.75,     V,0.94,0.27,0.38,0,1.5,0.75,     V,TRUE,FALSE,FALSE,FALSE,FALSE,FALSE
234,,M_Bloodhound_01,MidQuality,TMobileBasePassPSFNoLightMapPolicy0MM_DefaultfalseNoCSM.frag, Mali-G78 r1p1,32,40,FALSE,0,1.36,0.28,0.38,0,1.5,0.75,     V,0.8,0.25,0.38,0,1.5,0.75,     V,1.36,0.28,0.38,0,1.5,0.75,     V,TRUE,FALSE,FALSE,FALSE,FALSE,FALSE
235,,M_Bloodhound_01,MidQuality,TMobileBasePassVSFNoLightMapPolicyNoCSM.frag, Mali-G78 r1p1,32,40,FALSE,0,1.36,0.28,0.38,0,1.5,0.75,     V,0.8,0.25,0.38,0,1.5,0.75,     V,1.36,0.28,0.38,0,1.5,0.75,     V,TRUE,FALSE,FALSE,FALSE,FALSE,FALSE
236,,M_Bloodhound_01,UltraQuality,.frag, Mali-G78 r1p1,30,34,FALSE,0,0.94,0.27,0.38,0,1.5,0.75,     V,0.8,0.23,0.38,0,1.5,0.75,     V,0.94,0.27,0.38,0,1.5,0.75,     V,TRUE,FALSE,FALSE,FALSE,FALSE,FALSE
237,,M_Bloodhound_01,UltraQuality,TMobileBasePassPSFNoLightMapPolicy0MM_DefaultfalseNoCSM.frag, Mali-G78 r1p1,32,40,FALSE,0,1.36,0.28,0.38,0,1.5,0.75,     V,0.8,0.25,0.38,0,1.5,0.75,     V,1.36,0.28,0.38,0,1.5,0.75,     V,TRUE,FALSE,FALSE,FALSE,FALSE,FALSE
238,,M_Bloodhound_01,UltraQuality,TMobileBasePassVSFNoLightMapPolicyNoCSM.frag, Mali-G78 r1p1,32,40,FALSE,0,1.36,0.28,0.38,0,1.5,0.75,     V,0.8,0.25,0.38,0,1.5,0.75,     V,1.36,0.28,0.38,0,1.5,0.75,     V,TRUE,FALSE,FALSE,FALSE,FALSE,FALSE
239,,M_Bloodhound_91,HighQuality,.frag, Mali-G78 r1p1,26,46,FALSE,34,0.94,0.22,0.12,0,0.75,1,     T,0.8,0.17,0.12,0,0.75,1,     T,0.94,0.22,0.12,0,0.75,1,     T,TRUE,FALSE,FALSE,FALSE,FALSE,FALSE
240,,M_Bloodhound_91,HighQuality,TMobileBasePassPSFNoLightMapPolicy0MM_DefaultfalseNoCSM.frag, Mali-G78 r1p1,25,50,FALSE,52,1.33,0.3,0.12,0,0.75,1,   FMA,0.8,0.23,0.12,0,0.75,1,     T,1.33,0.3,0.12,0,0.75,1,   FMA,TRUE,FALSE,FALSE,FALSE,FALSE,FALSE
241,,M_Bloodhound_91,HighQuality,TMobileBasePassVSFNoLightMapPolicyNoCSM.frag, Mali-G78 r1p1,25,50,FALSE,52,1.33,0.3,0.12,0,0.75,1,   FMA,0.8,0.23,0.12,0,0.75,1,     T,1.33,0.3,0.12,0,0.75,1,   FMA,TRUE,FALSE,FALSE,FALSE,FALSE,FALSE
242,,M_Bloodhound_91,LowQuality,.frag, Mali-G78 r1p1,26,46,FALSE,34,0.94,0.22,0.12,0,0.75,1,     T,0.8,0.17,0.12,0,0.75,1,     T,0.94,0.22,0.12,0,0.75,1,     T,TRUE,FALSE,FALSE,FALSE,FALSE,FALSE
243,,M_Bloodhound_91,LowQuality,TMobileBasePassPSFNoLightMapPolicy0MM_DefaultfalseNoCSM.frag, Mali-G78 r1p1,26,46,FALSE,34,0.94,0.22,0.12,0,0.75,1,     T,0.8,0.17,0.12,0,0.75,1,     T,0.94,0.22,0.12,0,0.75,1,     T,TRUE,FALSE,FALSE,FALSE,FALSE,FALSE
244,,M_Bloodhound_91,MidQuality,.frag, Mali-G78 r1p1,26,46,FALSE,34,0.94,0.22,0.12,0,0.75,1,     T,0.8,0.17,0.12,0,0.75,1,     T,0.94,0.22,0.12,0,0.75,1,     T,TRUE,FALSE,FALSE,FALSE,FALSE,FALSE
245,,M_Bloodhound_91,MidQuality,TMobileBasePassPSFNoLightMapPolicy0MM_DefaultfalseNoCSM.frag, Mali-G78 r1p1,25,50,FALSE,52,1.33,0.3,0.12,0,0.75,1,   FMA,0.8,0.23,0.12,0,0.75,1,     T,1.33,0.3,0.12,0,0.75,1,   FMA,TRUE,FALSE,FALSE,FALSE,FALSE,FALSE
246,,M_Bloodhound_91,MidQuality,TMobileBasePassVSFNoLightMapPolicyNoCSM.frag, Mali-G78 r1p1,25,50,FALSE,52,1.33,0.3,0.12,0,0.75,1,   FMA,0.8,0.23,0.12,0,0.75,1,     T,1.33,0.3,0.12,0,0.75,1,   FMA,TRUE,FALSE,FALSE,FALSE,FALSE,FALSE
247,,M_Bloodhound_91,UltraQuality,.frag, Mali-G78 r1p1,26,46,FALSE,34,0.94,0.22,0.12,0,0.75,1,     T,0.8,0.17,0.12,0,0.75,1,     T,0.94,0.22,0.12,0,0.75,1,     T,TRUE,FALSE,FALSE,FALSE,FALSE,FALSE
248,,M_Bloodhound_91,UltraQuality,TMobileBasePassPSFNoLightMapPolicy0MM_DefaultfalseNoCSM.frag, Mali-G78 r1p1,25,50,FALSE,52,1.33,0.3,0.12,0,0.75,1,   FMA,0.8,0.23,0.12,0,0.75,1,     T,1.33,0.3,0.12,0,0.75,1,   FMA,TRUE,FALSE,FALSE,FALSE,FALSE,FALSE
249,,M_Bloodhound_91,UltraQuality,TMobileBasePassVSFNoLightMapPolicyNoCSM.frag, Mali-G78 r1p1,25,50,FALSE,52,1.33,0.3,0.12,0,0.75,1,   FMA,0.8,0.23,0.12,0,0.75,1,     T,1.33,0.3,0.12,0,0.75,1,   FMA,TRUE,FALSE,FALSE,FALSE,FALSE,FALSE
250,,M_Bloodhound_UI_01,HighQuality,TMobileBasePassPSFNoLightMapPolicy0MM_DefaultfalseNoCSM.frag, Mali-G78 r1p1,32,50,FALSE,19,1.11,0.89,1.12,0,0.75,0.75,   SFU,0.68,0.39,0.38,0,0.75,0.75,  V& T,1.11,0.89,1.12,0,0.75,0.75,   SFU,TRUE,FALSE,FALSE,FALSE,FALSE,FALSE
251,,M_Bloodhound_UI_01,LowQuality,TMobileBasePassPSFNoLightMapPolicy0MM_DefaultfalseNoCSM.frag, Mali-G78 r1p1,32,50,FALSE,19,1.11,0.89,1.12,0,0.75,0.75,   SFU,0.68,0.39,0.38,0,0.75,0.75,  V& T,1.11,0.89,1.12,0,0.75,0.75,   SFU,TRUE,FALSE,FALSE,FALSE,FALSE,FALSE
252,,M_Bloodhound_UI_01,MidQuality,TMobileBasePassPSFNoLightMapPolicy0MM_DefaultfalseNoCSM.frag, Mali-G78 r1p1,32,50,FALSE,19,1.11,0.89,1.12,0,0.75,0.75,   SFU,0.68,0.39,0.38,0,0.75,0.75,  V& T,1.11,0.89,1.12,0,0.75,0.75,   SFU,TRUE,FALSE,FALSE,FALSE,FALSE,FALSE
253,,M_Bloodhound_UI_01,UltraQuality,TMobileBasePassPSFNoLightMapPolicy0MM_DefaultfalseNoCSM.frag, Mali-G78 r1p1,32,50,FALSE,19,1.11,0.89,1.12,0,0.75,0.75,   SFU,0.68,0.39,0.38,0,0.75,0.75,  V& T,1.11,0.89,1.12,0,0.75,0.75,   SFU,TRUE,FALSE,FALSE,FALSE,FALSE,FALSE
254,,M_Bloodhound_UI_02,HighQuality,TMobileBasePassPSFNoLightMapPolicy0MM_DefaultfalseNoCSM.frag, Mali-G78 r1p1,19,40,FALSE,11,0.19,0.12,0,0,0.25,0.75,     T,0.19,0.09,0,0,0.25,0.75,     T,0.19,0.12,0,0,0.25,0.75,     T,TRUE,FALSE,FALSE,FALSE,FALSE,FALSE
255,,M_Bloodhound_UI_02,LowQuality,TMobileBasePassPSFNoLightMapPolicy0MM_DefaultfalseNoCSM.frag, Mali-G78 r1p1,19,40,FALSE,11,0.19,0.12,0,0,0.25,0.75,     T,0.19,0.09,0,0,0.25,0.75,     T,0.19,0.12,0,0,0.25,0.75,     T,TRUE,FALSE,FALSE,FALSE,FALSE,FALSE
256,,M_Bloodhound_UI_02,MidQuality,TMobileBasePassPSFNoLightMapPolicy0MM_DefaultfalseNoCSM.frag, Mali-G78 r1p1,19,40,FALSE,11,0.19,0.12,0,0,0.25,0.75,     T,0.19,0.09,0,0,0.25,0.75,     T,0.19,0.12,0,0,0.25,0.75,     T,TRUE,FALSE,FALSE,FALSE,FALSE,FALSE
257,,M_Bloodhound_UI_02,UltraQuality,TMobileBasePassPSFNoLightMapPolicy0MM_DefaultfalseNoCSM.frag, Mali-G78 r1p1,19,40,FALSE,11,0.19,0.12,0,0,0.25,0.75,     T,0.19,0.09,0,0,0.25,0.75,     T,0.19,0.12,0,0,0.25,0.75,     T,TRUE,FALSE,FALSE,FALSE,FALSE,FALSE
258,,M_Bone_leaf,HighQuality,TMobileBasePassPSFMobileDirectionalLightAndSHIndirectPolicy0MM_DefaultfalseCSM.frag, Mali-G78 r1p1,64,82,FALSE,36,4.38,1.52,2.06,0,2.12,3.75,   FMA,3.34,1.19,1.62,0,2.12,3.75,     T,4.38,1.52,2.06,0,2.12,3.75,   FMA,TRUE,FALSE,FALSE,FALSE,FALSE,FALSE
259,,M_Bone_leaf,HighQuality,TMobileBasePassPSFMobileDirectionalLightAndSHIndirectPolicy0MM_DefaultfalseNoCSM.frag, Mali-G78 r1p1,64,82,FALSE,36,4.38,1.52,2.06,0,2.12,3.75,   FMA,3.34,1.19,1.62,0,2.12,3.75,     T,4.38,1.52,2.06,0,2.12,3.75,   FMA,TRUE,FALSE,FALSE,FALSE,FALSE,FALSE
260,,M_Bone_leaf,HighQuality,TMobileBasePassPSFMobileDirectionalLightAndVPIndirect3PPVPolicy0MM_DefaultfalseCSM.frag, Mali-G78 r1p1,64,82,FALSE,36,4.38,1.52,2.06,0,2.12,3.75,   FMA,3.34,1.19,1.62,0,2.12,3.75,     T,4.38,1.52,2.06,0,2.12,3.75,   FMA,TRUE,FALSE,FALSE,FALSE,FALSE,FALSE
261,,M_Bone_leaf,HighQuality,TMobileBasePassPSFMobileDirectionalLightAndVPIndirect3PPVPolicy0MM_DefaultfalseNoCSM.frag, Mali-G78 r1p1,64,82,FALSE,36,4.38,1.52,2.06,0,2.12,3.75,   FMA,3.34,1.19,1.62,0,2.12,3.75,     T,4.38,1.52,2.06,0,2.12,3.75,   FMA,TRUE,FALSE,FALSE,FALSE,FALSE,FALSE
262,,M_Bone_leaf,HighQuality,TMobileBasePassPSFMobileDistanceFieldShadowsAndLQLightMapPolicy0MM_DefaultfalseCSM.frag, Mali-G78 r1p1,64,82,FALSE,36,4.38,1.52,2.06,0,2.12,3.75,   FMA,3.34,1.19,1.62,0,2.12,3.75,     T,4.38,1.52,2.06,0,2.12,3.75,   FMA,TRUE,FALSE,FALSE,FALSE,FALSE,FALSE
263,,M_Bone_leaf,HighQuality,TMobileBasePassPSFMobileDistanceFieldShadowsAndLQLightMapPolicy0MM_DefaultfalseNoCSM.frag, Mali-G78 r1p1,64,82,FALSE,36,4.38,1.52,2.06,0,2.12,3.75,   FMA,3.34,1.19,1.62,0,2.12,3.75,     T,4.38,1.52,2.06,0,2.12,3.75,   FMA,TRUE,FALSE,FALSE,FALSE,FALSE,FALSE
264,,M_Bone_leaf,LowQuality,TMobileBasePassPSFMobileDirectionalLightAndSHIndirectPolicy0MM_DefaultfalseNoCSM.frag, Mali-G78 r1p1,32,34,FALSE,26,1.31,0.77,0.69,0,1.38,1.25,     V,0.89,0.61,0.62,0,1.12,1.25,     T,1.31,0.77,0.69,0,1.38,1.25,     V,TRUE,FALSE,FALSE,FALSE,FALSE,FALSE
265,,M_Bone_leaf,LowQuality,TMobileBasePassPSFMobileDirectionalLightAndVPIndirect3PPVPolicy0MM_DefaultfalseNoCSM.frag, Mali-G78 r1p1,32,34,FALSE,26,1.31,0.77,0.69,0,1.38,1.25,     V,0.89,0.61,0.62,0,1.12,1.25,     T,1.31,0.77,0.69,0,1.38,1.25,     V,TRUE,FALSE,FALSE,FALSE,FALSE,FALSE
266,,M_Bone_leaf,LowQuality,TMobileBasePassPSFMobileDistanceFieldShadowsAndLQLightMapPolicy0MM_DefaultfalseNoCSM.frag, Mali-G78 r1p1,32,34,FALSE,26,1.31,0.77,0.69,0,1.38,1.25,     V,0.89,0.61,0.62,0,1.12,1.25,     T,1.31,0.77,0.69,0,1.38,1.25,     V,TRUE,FALSE,FALSE,FALSE,FALSE,FALSE
267,,M_Bone_leaf,MidQuality,TMobileBasePassPSFMobileDirectionalLightAndSHIndirectPolicy0MM_DefaultfalseCSM.frag, Mali-G78 r1p1,64,82,FALSE,37,4.22,1.52,2.06,0,2.12,3,   FMA,3.19,1.17,1.62,0,2.12,3,   FMA,4.22,1.52,2.06,0,2.12,3,   FMA,TRUE,FALSE,FALSE,FALSE,FALSE,FALSE
268,,M_Bone_leaf,MidQuality,TMobileBasePassPSFMobileDirectionalLightAndSHIndirectPolicy0MM_DefaultfalseNoCSM.frag, Mali-G78 r1p1,64,82,FALSE,37,4.22,1.52,2.06,0,2.12,3,   FMA,3.19,1.17,1.62,0,2.12,3,   FMA,4.22,1.52,2.06,0,2.12,3,   FMA,TRUE,FALSE,FALSE,FALSE,FALSE,FALSE
269,,M_Bone_leaf,MidQuality,TMobileBasePassPSFMobileDirectionalLightAndVPIndirect3PPVPolicy0MM_DefaultfalseCSM.frag, Mali-G78 r1p1,64,82,FALSE,37,4.22,1.52,2.06,0,2.12,3,   FMA,3.19,1.17,1.62,0,2.12,3,   FMA,4.22,1.52,2.06,0,2.12,3,   FMA,TRUE,FALSE,FALSE,FALSE,FALSE,FALSE
270,,M_Bone_leaf,MidQuality,TMobileBasePassPSFMobileDirectionalLightAndVPIndirect3PPVPolicy0MM_DefaultfalseNoCSM.frag, Mali-G78 r1p1,64,82,FALSE,37,4.22,1.52,2.06,0,2.12,3,   FMA,3.19,1.17,1.62,0,2.12,3,   FMA,4.22,1.52,2.06,0,2.12,3,   FMA,TRUE,FALSE,FALSE,FALSE,FALSE,FALSE
271,,M_Bone_leaf,MidQuality,TMobileBasePassPSFMobileDistanceFieldShadowsAndLQLightMapPolicy0MM_DefaultfalseCSM.frag, Mali-G78 r1p1,64,82,FALSE,37,4.22,1.52,2.06,0,2.12,3,   FMA,3.19,1.17,1.62,0,2.12,3,   FMA,4.22,1.52,2.06,0,2.12,3,   FMA,TRUE,FALSE,FALSE,FALSE,FALSE,FALSE
272,,M_Bone_leaf,MidQuality,TMobileBasePassPSFMobileDistanceFieldShadowsAndLQLightMapPolicy0MM_DefaultfalseNoCSM.frag, Mali-G78 r1p1,64,82,FALSE,37,4.22,1.52,2.06,0,2.12,3,   FMA,3.19,1.17,1.62,0,2.12,3,   FMA,4.22,1.52,2.06,0,2.12,3,   FMA,TRUE,FALSE,FALSE,FALSE,FALSE,FALSE
273,,M_Bone_leaf,UltraQuality,TMobileBasePassPSFMobileDirectionalLightAndSHIndirectPolicy0MM_DefaultfalseCSM.frag, Mali-G78 r1p1,64,90,FALSE,33,4.66,1.59,2.06,0,2.12,3.75,   FMA,3.62,1.27,1.62,0,2.12,3.75,     T,4.66,1.59,2.06,0,2.12,3.75,   FMA,TRUE,FALSE,FALSE,FALSE,FALSE,FALSE
274,,M_Bone_leaf,UltraQuality,TMobileBasePassPSFMobileDirectionalLightAndSHIndirectPolicy0MM_DefaultfalseNoCSM.frag, Mali-G78 r1p1,64,90,FALSE,33,4.66,1.59,2.06,0,2.12,3.75,   FMA,3.62,1.27,1.62,0,2.12,3.75,     T,4.66,1.59,2.06,0,2.12,3.75,   FMA,TRUE,FALSE,FALSE,FALSE,FALSE,FALSE
275,,M_Bone_leaf,UltraQuality,TMobileBasePassPSFMobileDirectionalLightAndVPIndirect3PPVPolicy0MM_DefaultfalseCSM.frag, Mali-G78 r1p1,64,90,FALSE,33,4.66,1.59,2.06,0,2.12,3.75,   FMA,3.62,1.27,1.62,0,2.12,3.75,     T,4.66,1.59,2.06,0,2.12,3.75,   FMA,TRUE,FALSE,FALSE,FALSE,FALSE,FALSE
276,,M_Bone_leaf,UltraQuality,TMobileBasePassPSFMobileDirectionalLightAndVPIndirect3PPVPolicy0MM_DefaultfalseNoCSM.frag, Mali-G78 r1p1,64,90,FALSE,33,4.66,1.59,2.06,0,2.12,3.75,   FMA,3.62,1.27,1.62,0,2.12,3.75,     T,4.66,1.59,2.06,0,2.12,3.75,   FMA,TRUE,FALSE,FALSE,FALSE,FALSE,FALSE
277,,M_Bone_leaf,UltraQuality,TMobileBasePassPSFMobileDistanceFieldShadowsAndLQLightMapPolicy0MM_DefaultfalseCSM.frag, Mali-G78 r1p1,64,90,FALSE,33,4.66,1.59,2.06,0,2.12,3.75,   FMA,3.62,1.27,1.62,0,2.12,3.75,     T,4.66,1.59,2.06,0,2.12,3.75,   FMA,TRUE,FALSE,FALSE,FALSE,FALSE,FALSE
278,,M_Bone_leaf,UltraQuality,TMobileBasePassPSFMobileDistanceFieldShadowsAndLQLightMapPolicy0MM_DefaultfalseNoCSM.frag, Mali-G78 r1p1,64,90,FALSE,33,4.66,1.59,2.06,0,2.12,3.75,   FMA,3.62,1.27,1.62,0,2.12,3.75,     T,4.66,1.59,2.06,0,2.12,3.75,   FMA,TRUE,FALSE,FALSE,FALSE,FALSE,FALSE
279,,M_Build,HighQuality,TMobileBasePassPSFMobileDirectionalLightAndSHIndirectPolicy0MM_DefaultfalseCSM.frag, Mali-G78 r1p1,64,88,FALSE,0,4.53,0.89,1.62,0,2.38,3,   FMA,3.38,0.56,1.19,0,2.38,3,   FMA,4.53,0.89,1.62,0,2.38,3,   FMA,TRUE,FALSE,FALSE,FALSE,FALSE,FALSE
280,,M_Build,HighQuality,TMobileBasePassPSFMobileDirectionalLightAndSHIndirectPolicy0MM_DefaultfalseNoCSM.frag, Mali-G78 r1p1,64,88,FALSE,0,4.53,0.89,1.62,0,2.38,3,   FMA,3.38,0.56,1.19,0,2.38,3,   FMA,4.53,0.89,1.62,0,2.38,3,   FMA,TRUE,FALSE,FALSE,FALSE,FALSE,FALSE
281,,M_Build,HighQuality,TMobileBasePassPSFMobileDirectionalLightAndVPIndirect3PPVPolicy0MM_DefaultfalseCSM.frag, Mali-G78 r1p1,64,88,FALSE,0,4.53,0.89,1.62,0,2.38,3,   FMA,3.38,0.56,1.19,0,2.38,3,   FMA,4.53,0.89,1.62,0,2.38,3,   FMA,TRUE,FALSE,FALSE,FALSE,FALSE,FALSE
282,,M_Build,HighQuality,TMobileBasePassPSFMobileDirectionalLightAndVPIndirect3PPVPolicy0MM_DefaultfalseNoCSM.frag, Mali-G78 r1p1,64,88,FALSE,0,4.53,0.89,1.62,0,2.38,3,   FMA,3.38,0.56,1.19,0,2.38,3,   FMA,4.53,0.89,1.62,0,2.38,3,   FMA,TRUE,FALSE,FALSE,FALSE,FALSE,FALSE
283,,M_Build,HighQuality,TMobileBasePassPSFMobileDistanceFieldShadowsAndLQLightMapPolicy0MM_DefaultfalseCSM.frag, Mali-G78 r1p1,64,88,FALSE,0,4.53,0.89,1.62,0,2.38,3,   FMA,3.38,0.56,1.19,0,2.38,3,   FMA,4.53,0.89,1.62,0,2.38,3,   FMA,TRUE,FALSE,FALSE,FALSE,FALSE,FALSE
284,,M_Build,HighQuality,TMobileBasePassPSFMobileDistanceFieldShadowsAndLQLightMapPolicy0MM_DefaultfalseNoCSM.frag, Mali-G78 r1p1,64,88,FALSE,0,4.53,0.89,1.62,0,2.38,3,   FMA,3.38,0.56,1.19,0,2.38,3,   FMA,4.53,0.89,1.62,0,2.38,3,   FMA,TRUE,FALSE,FALSE,FALSE,FALSE,FALSE
285,,M_Build,HighQuality,TMobileBasePassVSFMobileDirectionalLightAndSHIndirectPolicyCSM.frag, Mali-G78 r1p1,64,88,FALSE,0,4.53,0.89,1.62,0,2.38,3,   FMA,3.38,0.56,1.19,0,2.38,3,   FMA,4.53,0.89,1.62,0,2.38,3,   FMA,TRUE,FALSE,FALSE,FALSE,FALSE,FALSE
286,,M_Build,HighQuality,TMobileBasePassVSFMobileDirectionalLightAndSHIndirectPolicyNoCSM.frag, Mali-G78 r1p1,23,22,FALSE,0,0.74,0.39,0.25,0,1.38,0.25,     V,0.28,0.27,0.19,0,1.12,0.25,     V,0.74,0.39,0.25,0,1.38,0.25,     V,TRUE,FALSE,FALSE,FALSE,FALSE,FALSE
287,,M_Build,LowQuality,TMobileBasePassPSFMobileDirectionalLightAndSHIndirectPolicy0MM_DefaultfalseNoCSM.frag, Mali-G78 r1p1,23,22,FALSE,0,0.74,0.39,0.25,0,1.38,0.25,     V,0.28,0.27,0.19,0,1.12,0.25,     V,0.74,0.39,0.25,0,1.38,0.25,     V,TRUE,FALSE,FALSE,FALSE,FALSE,FALSE
288,,M_Build,LowQuality,TMobileBasePassPSFMobileDirectionalLightAndVPIndirect3PPVPolicy0MM_DefaultfalseNoCSM.frag, Mali-G78 r1p1,23,22,FALSE,0,0.74,0.39,0.25,0,1.38,0.25,     V,0.28,0.27,0.19,0,1.12,0.25,     V,0.74,0.39,0.25,0,1.38,0.25,     V,TRUE,FALSE,FALSE,FALSE,FALSE,FALSE
289,,M_Build,LowQuality,TMobileBasePassPSFMobileDistanceFieldShadowsAndLQLightMapPolicy0MM_DefaultfalseNoCSM.frag, Mali-G78 r1p1,23,22,FALSE,0,0.74,0.39,0.25,0,1.38,0.25,     V,0.28,0.27,0.19,0,1.12,0.25,     V,0.74,0.39,0.25,0,1.38,0.25,     V,TRUE,FALSE,FALSE,FALSE,FALSE,FALSE
290,,M_Build,LowQuality,TMobileBasePassVSFMobileDirectionalLightAndSHIndirectPolicyNoCSM.frag, Mali-G78 r1p1,23,22,FALSE,0,0.74,0.39,0.25,0,1.38,0.25,     V,0.28,0.27,0.19,0,1.12,0.25,     V,0.74,0.39,0.25,0,1.38,0.25,     V,TRUE,FALSE,FALSE,FALSE,FALSE,FALSE
291,,M_Build,MidQuality,TMobileBasePassPSFMobileDirectionalLightAndSHIndirectPolicy0MM_DefaultfalseCSM.frag, Mali-G78 r1p1,32,88,FALSE,0,4.38,0.83,1.62,0,2.38,2.25,   FMA,3.22,0.52,1.19,0,2.38,2.25,   FMA,4.38,0.83,1.62,0,2.38,2.25,   FMA,TRUE,FALSE,FALSE,FALSE,FALSE,FALSE
292,,M_Build,MidQuality,TMobileBasePassPSFMobileDirectionalLightAndSHIndirectPolicy0MM_DefaultfalseNoCSM.frag, Mali-G78 r1p1,32,88,FALSE,0,4.38,0.83,1.62,0,2.38,2.25,   FMA,3.22,0.52,1.19,0,2.38,2.25,   FMA,4.38,0.83,1.62,0,2.38,2.25,   FMA,TRUE,FALSE,FALSE,FALSE,FALSE,FALSE
293,,M_Build,MidQuality,TMobileBasePassPSFMobileDirectionalLightAndVPIndirect3PPVPolicy0MM_DefaultfalseCSM.frag, Mali-G78 r1p1,32,88,FALSE,0,4.38,0.83,1.62,0,2.38,2.25,   FMA,3.22,0.52,1.19,0,2.38,2.25,   FMA,4.38,0.83,1.62,0,2.38,2.25,   FMA,TRUE,FALSE,FALSE,FALSE,FALSE,FALSE
294,,M_Build,MidQuality,TMobileBasePassPSFMobileDirectionalLightAndVPIndirect3PPVPolicy0MM_DefaultfalseNoCSM.frag, Mali-G78 r1p1,32,88,FALSE,0,4.38,0.83,1.62,0,2.38,2.25,   FMA,3.22,0.52,1.19,0,2.38,2.25,   FMA,4.38,0.83,1.62,0,2.38,2.25,   FMA,TRUE,FALSE,FALSE,FALSE,FALSE,FALSE
295,,M_Build,MidQuality,TMobileBasePassPSFMobileDistanceFieldShadowsAndLQLightMapPolicy0MM_DefaultfalseCSM.frag, Mali-G78 r1p1,32,88,FALSE,0,4.38,0.83,1.62,0,2.38,2.25,   FMA,3.22,0.52,1.19,0,2.38,2.25,   FMA,4.38,0.83,1.62,0,2.38,2.25,   FMA,TRUE,FALSE,FALSE,FALSE,FALSE,FALSE
296,,M_Build,MidQuality,TMobileBasePassPSFMobileDistanceFieldShadowsAndLQLightMapPolicy0MM_DefaultfalseNoCSM.frag, Mali-G78 r1p1,32,88,FALSE,0,4.38,0.83,1.62,0,2.38,2.25,   FMA,3.22,0.52,1.19,0,2.38,2.25,   FMA,4.38,0.83,1.62,0,2.38,2.25,   FMA,TRUE,FALSE,FALSE,FALSE,FALSE,FALSE
297,,M_Build,MidQuality,TMobileBasePassVSFMobileDirectionalLightAndSHIndirectPolicyCSM.frag, Mali-G78 r1p1,32,88,FALSE,0,4.38,0.83,1.62,0,2.38,2.25,   FMA,3.22,0.52,1.19,0,2.38,2.25,   FMA,4.38,0.83,1.62,0,2.38,2.25,   FMA,TRUE,FALSE,FALSE,FALSE,FALSE,FALSE
298,,M_Build,MidQuality,TMobileBasePassVSFMobileDirectionalLightAndSHIndirectPolicyNoCSM.frag, Mali-G78 r1p1,23,22,FALSE,0,0.74,0.39,0.25,0,1.38,0.25,     V,0.28,0.27,0.19,0,1.12,0.25,     V,0.74,0.39,0.25,0,1.38,0.25,     V,TRUE,FALSE,FALSE,FALSE,FALSE,FALSE
299,,M_Build,UltraQuality,TMobileBasePassPSFMobileDirectionalLightAndSHIndirectPolicy0MM_DefaultfalseCSM.frag, Mali-G78 r1p1,64,98,FALSE,0,4.84,0.97,1.62,0,2.38,3,   FMA,3.69,0.64,1.19,0,2.38,3,   FMA,4.84,0.97,1.62,0,2.38,3,   FMA,TRUE,FALSE,FALSE,FALSE,FALSE,FALSE
300,,M_Build,UltraQuality,TMobileBasePassPSFMobileDirectionalLightAndSHIndirectPolicy0MM_DefaultfalseNoCSM.frag, Mali-G78 r1p1,64,98,FALSE,0,4.84,0.97,1.62,0,2.38,3,   FMA,3.69,0.64,1.19,0,2.38,3,   FMA,4.84,0.97,1.62,0,2.38,3,   FMA,TRUE,FALSE,FALSE,FALSE,FALSE,FALSE
301,,M_Build,UltraQuality,TMobileBasePassPSFMobileDirectionalLightAndVPIndirect3PPVPolicy0MM_DefaultfalseCSM.frag, Mali-G78 r1p1,64,98,FALSE,0,4.84,0.97,1.62,0,2.38,3,   FMA,3.69,0.64,1.19,0,2.38,3,   FMA,4.84,0.97,1.62,0,2.38,3,   FMA,TRUE,FALSE,FALSE,FALSE,FALSE,FALSE
302,,M_Build,UltraQuality,TMobileBasePassPSFMobileDirectionalLightAndVPIndirect3PPVPolicy0MM_DefaultfalseNoCSM.frag, Mali-G78 r1p1,64,98,FALSE,0,4.84,0.97,1.62,0,2.38,3,   FMA,3.69,0.64,1.19,0,2.38,3,   FMA,4.84,0.97,1.62,0,2.38,3,   FMA,TRUE,FALSE,FALSE,FALSE,FALSE,FALSE
303,,M_Build,UltraQuality,TMobileBasePassPSFMobileDistanceFieldShadowsAndLQLightMapPolicy0MM_DefaultfalseCSM.frag, Mali-G78 r1p1,64,98,FALSE,0,4.84,0.97,1.62,0,2.38,3,   FMA,3.69,0.64,1.19,0,2.38,3,   FMA,4.84,0.97,1.62,0,2.38,3,   FMA,TRUE,FALSE,FALSE,FALSE,FALSE,FALSE
304,,M_Build,UltraQuality,TMobileBasePassPSFMobileDistanceFieldShadowsAndLQLightMapPolicy0MM_DefaultfalseNoCSM.frag, Mali-G78 r1p1,64,98,FALSE,0,4.84,0.97,1.62,0,2.38,3,   FMA,3.69,0.64,1.19,0,2.38,3,   FMA,4.84,0.97,1.62,0,2.38,3,   FMA,TRUE,FALSE,FALSE,FALSE,FALSE,FALSE
305,,M_Build,UltraQuality,TMobileBasePassVSFMobileDirectionalLightAndSHIndirectPolicyCSM.frag, Mali-G78 r1p1,64,98,FALSE,0,4.84,0.97,1.62,0,2.38,3,   FMA,3.69,0.64,1.19,0,2.38,3,   FMA,4.84,0.97,1.62,0,2.38,3,   FMA,TRUE,FALSE,FALSE,FALSE,FALSE,FALSE
306,,M_Build,UltraQuality,TMobileBasePassVSFMobileDirectionalLightAndSHIndirectPolicyNoCSM.frag, Mali-G78 r1p1,23,22,FALSE,0,0.74,0.39,0.25,0,1.38,0.25,     V,0.28,0.27,0.19,0,1.12,0.25,     V,0.74,0.39,0.25,0,1.38,0.25,     V,TRUE,FALSE,FALSE,FALSE,FALSE,FALSE
